date,Transaction,single_value_bpm,value_bpm,single_value_vorp,value_vorp,transaction_type,player_name
2003-06-25 00:00:00,lost Darius Songaila to SAC,2672.4,2672,-0.7,-0.7,trade,Darius Songaila
2003-06-25 00:00:00,added Brandon Hunter to BOS,0.0,2672,0.0,-0.7,trade,Brandon Hunter
2003-06-25 00:00:00,added Orien Greene to BOS,0.0,2672,0.0,-0.7,trade,Orien Greene
2003-06-26 00:00:00,added Troy Bell to BOS,0.0,2672,0.0,-0.7,draft,Troy Bell
2003-06-26 00:00:00,added Dahntay Jones to BOS,0.0,2672,0.0,-0.7,draft,Dahntay Jones
2003-06-26 00:00:00,added Brandon Hunter to BOS,-974.4,1698,0.0,-0.7,draft,Brandon Hunter
2003-06-26 00:00:00,lost Troy Bell to MEM,666.4000000000001,2364,0.2,-0.4999999999999999,trade,Troy Bell
2003-06-26 00:00:00,lost Dahntay Jones to MEM,15333.8,17698,2.1,1.6,trade,Dahntay Jones
2003-06-26 00:00:00,added Marcus Banks to BOS,-6658.1,11040,-0.4,1.2000000000000002,trade,Marcus Banks
2003-06-26 00:00:00,added Kendrick Perkins to BOS,-9317.3,1722,2.7,3.9,trade,Kendrick Perkins
2003-07-25 00:00:00,added Mike James to BOS,505.2,2228,1.0,4.9,signing,Mike James
2003-07-29 00:00:00,lost J.R. Bremer to CLE,1692.6,3920,0.2,5.1000000000000005,trade,J.R. Bremer
2003-07-29 00:00:00,lost Bruno Šundov to CLE,406.0,4326,0.1,5.2,trade,Bruno Šundov
2003-07-29 00:00:00,lost Ryan Gomes to CLE,-0.0,4326,-0.0,5.2,trade,Ryan Gomes
2003-07-29 00:00:00,added Jumaine Jones to BOS,-1268.2,3058,-0.1,5.1000000000000005,trade,Jumaine Jones
2003-09-29 00:00:00,added Eddie Elisma to BOS,0.0,3058,0.0,5.1000000000000005,signing,Eddie Elisma
2003-10-20 00:00:00,lost Tony Delk to DAL,152.7,3211,-0.2,4.9,trade,Tony Delk
2003-10-20 00:00:00,lost Antoine Walker to DAL,-1420.0,1791,-1.8,3.1000000000000005,trade,Antoine Walker
2003-10-20 00:00:00,added Raef LaFrentz to BOS,3913.5,5704,3.3000000000000003,6.4,trade,Raef LaFrentz
2003-10-20 00:00:00,added Chris Mills to BOS,0.0,5704,0.0,6.4,trade,Chris Mills
2003-10-20 00:00:00,added Jiří Welsch to BOS,-3536.1000000000004,2168,0.8,7.2,trade,Jiří Welsch
2003-10-20 00:00:00,added Delonte West to BOS,0.0,2168,0.0,7.2,trade,Delonte West
2003-12-15 00:00:00,lost Tony Battie to CLE,2247.1,4415,0.1,7.3,trade,Tony Battie
2003-12-15 00:00:00,lost Kedrick Brown to CLE,-336.6,4079,-0.4,6.9,trade,Kedrick Brown
2003-12-15 00:00:00,lost Eric Williams to CLE,3295.2,7374,0.1,6.999999999999999,trade,Eric Williams
2003-12-15 00:00:00,added Ricky Davis to BOS,-1667.2000000000005,5707,2.6,9.6,trade,Ricky Davis
2003-12-15 00:00:00,added Chris Mihm to BOS,-3286.5,2420,-0.4,9.2,trade,Chris Mihm
2003-12-15 00:00:00,added Michael Stewart to BOS,-525.4,1895,-0.1,9.1,trade,Michael Stewart
2003-12-15 00:00:00,added Ryan Gomes to BOS,0.0,1895,0.0,9.1,trade,Ryan Gomes
2004-02-19 00:00:00,lost Mike James to DET,-0.0,1895,-0.3,8.799999999999999,multitrade,Mike James
2004-02-19 00:00:00,lost Chris Mills to ATL,-0.0,1895,-0.0,8.799999999999999,multitrade,Chris Mills
2004-02-19 00:00:00,added Chucky Atkins to BOS,-555.0999999999999,1340,0.3,9.1,multitrade,Chucky Atkins
2004-02-19 00:00:00,added Lindsey Hunter to BOS,0.0,1340,0.0,9.1,multitrade,Lindsey Hunter
2004-02-19 00:00:00,added Tony Allen to BOS,0.0,1340,0.0,9.1,multitrade,Tony Allen
2004-06-24 00:00:00,added Al Jefferson to BOS,-3024.2,-1684,1.5,10.6,draft,Al Jefferson
2004-06-24 00:00:00,added Delonte West to BOS,6195.8,4511,4.300000000000001,14.9,draft,Delonte West
2004-06-24 00:00:00,added Tony Allen to BOS,-2327.8,2183,2.5,17.4,draft,Tony Allen
2004-06-24 00:00:00,added Justin Reed to BOS,-2640.6,-456,-0.5,16.9,draft,Justin Reed
2004-08-06 00:00:00,lost Chucky Atkins to LAL,3193.3,2736,-0.6,16.299999999999997,trade,Chucky Atkins
2004-08-06 00:00:00,lost Jumaine Jones to LAL,732.0,3468,-0.8,15.499999999999996,trade,Jumaine Jones
2004-08-06 00:00:00,lost Chris Mihm to LAL,10290.9,13759,0.7000000000000001,16.199999999999996,trade,Chris Mihm
2004-08-06 00:00:00,added Rick Fox to BOS,0.0,13759,0.0,16.199999999999996,trade,Rick Fox
2004-08-06 00:00:00,added Gary Payton to BOS,1016.4,14775,1.5,17.699999999999996,trade,Gary Payton
2004-08-06 00:00:00,added Rajon Rondo to BOS,40961.100000000006,55736,19.1,36.8,trade,Rajon Rondo
2004-08-14 00:00:00,added Dana Barros to BOS,0.0,55736,0.0,36.8,signing,Dana Barros
2004-08-16 00:00:00,added Tom Gugliotta to BOS,-763.0,54973,-0.1,36.7,signing,Tom Gugliotta
2005-02-08 00:00:00,lost Walter McCarty to PHO,1200.2,56174,0.1,36.8,trade,Walter McCarty
2005-02-08 00:00:00,added Aaron Gray to BOS,0.0,56174,0.0,36.8,trade,Aaron Gray
2005-02-24 00:00:00,lost Tom Gugliotta to ATL,2393.6,58567,0.2,37.0,trade,Tom Gugliotta
2005-02-24 00:00:00,lost Gary Payton to ATL,-0.0,58567,-0.0,37.0,trade,Gary Payton
2005-02-24 00:00:00,lost Michael Stewart to ATL,710.5,59278,0.1,37.1,trade,Michael Stewart
2005-02-24 00:00:00,lost Rajon Rondo to ATL,1005.0,60283,-0.0,37.1,trade,Rajon Rondo
2005-02-24 00:00:00,added Antoine Walker to BOS,-578.9,59704,0.3,37.4,trade,Antoine Walker
2005-02-24 00:00:00,lost Jiří Welsch to CLE,1536.0,61240,0.3,37.7,trade,Jiří Welsch
2005-02-24 00:00:00,added Rudy Fernández to BOS,0.0,61240,0.0,37.7,trade,Rudy Fernández
2005-03-04 00:00:00,added Gary Payton to BOS,1016.4,62256,1.5,39.2,signing,Gary Payton
2005-06-28 00:00:00,added Gerald Green to BOS,-7373.0,54883,-0.4,38.8,draft,Gerald Green
2005-06-28 00:00:00,added Ryan Gomes to BOS,-4836.2,50047,0.6,39.4,draft,Ryan Gomes
2005-06-28 00:00:00,added Orien Greene to BOS,-5434.0,44613,-0.8,38.6,draft,Orien Greene
2005-08-02 00:00:00,lost Antoine Walker to MIA,5665.2,50278,-0.6000000000000001,38.0,multitrade,Antoine Walker
2005-08-02 00:00:00,added Albert Miralles to BOS,0.0,50278,0.0,38.0,multitrade,Albert Miralles
2005-08-02 00:00:00,added Qyntel Woods to BOS,0.0,50278,0.0,38.0,multitrade,Qyntel Woods
2005-08-02 00:00:00,added Edin Bavčić to BOS,0.0,50278,0.0,38.0,multitrade,Edin Bavčić
2005-08-02 00:00:00,added Nikola Peković to BOS,0.0,50278,0.0,38.0,multitrade,Nikola Peković
2005-08-02 00:00:00,added Curtis Borchardt to BOS,0.0,50278,0.0,38.0,multitrade,Curtis Borchardt
2005-08-02 00:00:00,added Brian Scalabrine to BOS,-10368.9,39909,-0.9000000000000001,37.1,signing,Brian Scalabrine
2005-08-19 00:00:00,added Will Bynum to BOS,0.0,39909,0.0,37.1,signing,Will Bynum
2005-09-30 00:00:00,lost Edin Bavčić to NOK,-0.0,39909,-0.0,37.1,trade,Edin Bavčić
2005-09-30 00:00:00,added Dan Dickau to BOS,-561.6,39348,0.0,37.1,trade,Dan Dickau
2006-01-26 00:00:00,lost Marcus Banks to MIN,859.5999999999999,40207,-0.4,36.7,trade,Marcus Banks
2006-01-26 00:00:00,lost Mark Blount to MIN,11473.1,51680,1.0,37.7,trade,Mark Blount
2006-01-26 00:00:00,lost Ricky Davis to MIN,-780.5,50900,-2.4,35.300000000000004,trade,Ricky Davis
2006-01-26 00:00:00,lost Justin Reed to MIN,5887.0,56787,1.0,36.3,trade,Justin Reed
2006-01-26 00:00:00,lost Craig Smith to MIN,5653.7,62441,-0.9,35.400000000000006,trade,Craig Smith
2006-01-26 00:00:00,lost Nikola Peković to MIN,4677.0,67118,-2.3,33.10000000000001,trade,Nikola Peković
2006-01-26 00:00:00,added Dwayne Jones to BOS,-417.6,66700,-0.1,33.00000000000001,trade,Dwayne Jones
2006-01-26 00:00:00,added Michael Olowokandi to BOS,-2205.5,64495,-0.4,32.60000000000001,trade,Michael Olowokandi
2006-01-26 00:00:00,added Wally Szczerbiak to BOS,58.79999999999996,64553,1.0,33.60000000000001,trade,Wally Szczerbiak
2006-01-26 00:00:00,added Jonny Flynn to BOS,0.0,64553,0.0,33.60000000000001,trade,Jonny Flynn
2006-06-28 00:00:00,added Randy Foye to BOS,0.0,64553,0.0,33.60000000000001,draft,Randy Foye
2006-06-28 00:00:00,lost Rudy Fernández to PHO,-0.0,64553,-0.0,33.60000000000001,trade,Rudy Fernández
2006-06-28 00:00:00,added Brian Grant to BOS,0.0,64553,0.0,33.60000000000001,trade,Brian Grant
2006-06-28 00:00:00,added Rajon Rondo to BOS,40961.100000000006,105514,19.1,52.70000000000001,trade,Rajon Rondo
2006-06-28 00:00:00,lost Aaron Gray to DEN,-0.0,105514,-0.0,52.70000000000001,trade,Aaron Gray
2006-06-28 00:00:00,added Leon Powe to BOS,-2942.3,102572,0.7,53.40000000000001,trade,Leon Powe
2006-06-28 00:00:00,lost Dan Dickau to POR,976.8,103549,-0.0,53.40000000000001,trade,Dan Dickau
2006-06-28 00:00:00,lost Randy Foye to POR,-0.0,103549,-0.0,53.40000000000001,trade,Randy Foye
2006-06-28 00:00:00,lost Raef LaFrentz to POR,2756.9,106306,0.4,53.80000000000001,trade,Raef LaFrentz
2006-06-28 00:00:00,added Theo Ratliff to BOS,-123.2,106183,0.0,53.80000000000001,trade,Theo Ratliff
2006-06-28 00:00:00,added Sebastian Telfair to BOS,-6627.6,99555,-0.9,52.90000000000001,trade,Sebastian Telfair
2006-06-28 00:00:00,added Trent Plaisted to BOS,0.0,99555,0.0,52.90000000000001,trade,Trent Plaisted
2006-07-06 00:00:00,added Allan Ray to BOS,-1917.0,97638,-0.1,52.80000000000001,signing,Allan Ray
2006-10-13 00:00:00,lost Dwayne Jones to CLE,1924.2,99562,0.2,53.000000000000014,trade,Dwayne Jones
2006-10-13 00:00:00,added Luke Jackson to BOS,0.0,99562,0.0,53.000000000000014,trade,Luke Jackson
2007-04-04 00:00:00,added Kevinn Pinkney to BOS,-250.0,99312,0.0,53.000000000000014,signing,Kevinn Pinkney
2007-06-28 00:00:00,added Jeff Green to BOS,-6513.8,92798,1.8,54.80000000000001,draft,Jeff Green
2007-06-28 00:00:00,added Gabe Pruitt to BOS,-1261.2,91537,-0.1,54.70000000000001,draft,Gabe Pruitt
2007-06-28 00:00:00,lost Jeff Green to SEA,9237.3,100775,1.2,55.90000000000001,trade,Jeff Green
2007-06-28 00:00:00,lost Wally Szczerbiak to SEA,-826.0,99949,-0.8,55.100000000000016,trade,Wally Szczerbiak
2007-06-28 00:00:00,lost Delonte West to SEA,2035.6,101984,0.1,55.20000000000002,trade,Delonte West
2007-06-28 00:00:00,lost Trent Plaisted to SEA,-0.0,101984,-0.0,55.20000000000002,trade,Trent Plaisted
2007-06-28 00:00:00,added Ray Allen to BOS,34582.8,136567,15.099999999999998,70.30000000000001,trade,Ray Allen
2007-06-28 00:00:00,added Glen Davis to BOS,-14986.1,121581,-0.8,69.50000000000001,trade,Glen Davis
2007-07-09 00:00:00,added Brandon Wallace to BOS,0.0,121581,0.0,69.50000000000001,signing,Brandon Wallace
2007-07-31 00:00:00,lost Ryan Gomes to MIN,8665.2,130246,-1.4,68.10000000000001,trade,Ryan Gomes
2007-07-31 00:00:00,lost Gerald Green to MIN,1718.4,131964,0.3,68.4,trade,Gerald Green
2007-07-31 00:00:00,lost Al Jefferson to MIN,-10429.2,121535,-6.2,62.2,trade,Al Jefferson
2007-07-31 00:00:00,lost Theo Ratliff to MIN,321.0,121856,-0.0,62.2,trade,Theo Ratliff
2007-07-31 00:00:00,lost Sebastian Telfair to MIN,15603.8,137460,1.6,63.8,trade,Sebastian Telfair
2007-07-31 00:00:00,lost Wayne Ellington to MIN,11701.9,149162,1.2,65.0,trade,Wayne Ellington
2007-07-31 00:00:00,lost Jonny Flynn to MIN,12976.0,162138,1.6,66.6,trade,Jonny Flynn
2007-07-31 00:00:00,added Kevin Garnett to BOS,60106.4,222244,21.4,88.0,trade,Kevin Garnett
2007-08-01 00:00:00,added Eddie House to BOS,7502.1,229746,3.7,91.7,signing,Eddie House
2007-08-06 00:00:00,added Scot Pollard to BOS,-380.6,229366,0.0,91.7,signing,Scot Pollard
2007-08-27 00:00:00,added James Posey to BOS,4552.5,233918,2.1,93.8,signing,James Posey
2007-09-27 00:00:00,added Dahntay Jones to BOS,0.0,233918,0.0,93.8,signing,Dahntay Jones
2008-02-27 00:00:00,added P.J. Brown to BOS,-564.3000000000001,233354,0.0,93.8,signing,P.J. Brown
2008-03-03 00:00:00,added Sam Cassell to BOS,-777.4,232577,0.0,93.8,signing,Sam Cassell
2008-06-26 00:00:00,added J.R. Giddens to BOS,-387.9,232189,-0.1,93.7,draft,J.R. Giddens
2008-06-26 00:00:00,added Semih Erden to BOS,-1221.3,230967,0.0,93.7,draft,Semih Erden
2008-06-26 00:00:00,added Henry Walker to BOS,-1117.0,229850,-0.1,93.6,acquisition,Henry Walker
2008-07-16 00:00:00,added Patrick O'Bryant to BOS,-604.8,229246,-0.1,93.5,signing,Patrick O'Bryant
2008-08-22 00:00:00,added Darius Miles to BOS,0.0,229246,0.0,93.5,signing,Darius Miles
2009-02-17 00:00:00,lost Sam Cassell to SAC,-0.0,229246,-0.0,93.5,trade,Sam Cassell
2009-02-19 00:00:00,lost Patrick O'Bryant to TOR,851.0999999999999,230097,0.2,93.70000000000002,trade,Patrick O'Bryant
2009-02-24 00:00:00,added Mikki Moore to BOS,-1368.0,228729,-0.1,93.60000000000002,signing,Mikki Moore
2009-02-27 00:00:00,added Stephon Marbury to BOS,-2525.4,226203,-0.4,93.20000000000002,signing,Stephon Marbury
2009-06-25 00:00:00,added Lester Hudson to BOS,-231.0,225972,0.0,93.20000000000002,draft,Lester Hudson
2009-07-08 00:00:00,added Rasheed Wallace to BOS,0.0,225972,0.9,94.10000000000002,signing,Rasheed Wallace
2009-08-08 00:00:00,added Shelden Williams to BOS,-835.8,225137,0.1,94.20000000000002,signing,Shelden Williams
2009-09-02 00:00:00,added Marquis Daniels to BOS,-3467.5,221669,0.2999999999999999,94.5,signing,Marquis Daniels
2010-02-18 00:00:00,lost J.R. Giddens to NYK,686.0,222355,0.1,94.6,trade,J.R. Giddens
2010-02-18 00:00:00,lost Eddie House to NYK,2151.8,224507,0.4,95.0,trade,Eddie House
2010-02-18 00:00:00,lost Henry Walker to NYK,2934.9,227442,-0.3,94.70000000000002,trade,Henry Walker
2010-02-18 00:00:00,added Marcus Landry to BOS,-104.1,227338,0.0,94.70000000000002,trade,Marcus Landry
2010-02-18 00:00:00,added Nate Robinson to BOS,-2184.4999999999995,225153,0.1,94.8,trade,Nate Robinson
2010-03-06 00:00:00,added Michael Finley to BOS,94.2,225247,0.2,95.0,signing,Michael Finley
2010-04-13 00:00:00,added Oliver Lafayette to BOS,-41.8,225206,0.0,95.0,signing,Oliver Lafayette
2010-06-24 00:00:00,added Avery Bradley to BOS,-12957.8,212248,-0.7999999999999999,94.20000000000002,draft,Avery Bradley
2010-06-24 00:00:00,added Luke Harangody to BOS,-1253.2,210995,-0.2,94.0,draft,Luke Harangody
2010-07-10 00:00:00,added Jermaine O'Neal to BOS,-3235.2,207759,-0.3,93.70000000000002,signing,Jermaine O'Neal
2010-08-03 00:00:00,added Von Wafer to BOS,-774.1999999999999,206985,0.1,93.8,signing,Von Wafer
2010-08-04 00:00:00,added Shaquille O'Neal to BOS,225.6,207211,0.4,94.20000000000002,signing,Shaquille O'Neal
2010-09-01 00:00:00,added Delonte West to BOS,815.4,208026,0.4,94.60000000000002,signing,Delonte West
2010-10-06 00:00:00,added Mario West to BOS,0.0,208026,0.0,94.60000000000002,signing,Mario West
2011-02-24 00:00:00,lost Semih Erden to CLE,2123.2,210149,0.3,94.90000000000002,trade,Semih Erden
2011-02-24 00:00:00,lost Luke Harangody to CLE,1810.2,211960,0.2,95.10000000000002,trade,Luke Harangody
2011-02-24 00:00:00,added Jeff Withey to BOS,0.0,211960,0.0,95.10000000000002,trade,Jeff Withey
2011-02-24 00:00:00,lost Kendrick Perkins to OKC,18220.2,230180,1.4,96.50000000000004,trade,Kendrick Perkins
2011-02-24 00:00:00,lost Nate Robinson to OKC,387.0,230567,0.1,96.60000000000002,trade,Nate Robinson
2011-02-24 00:00:00,added Jeff Green to BOS,-6513.8,224053,1.8,98.40000000000002,trade,Jeff Green
2011-02-24 00:00:00,added Nenad Krstić to BOS,-995.4,223058,0.0,98.40000000000002,trade,Nenad Krstić
2011-02-24 00:00:00,added Fab Melo to BOS,0.0,223058,0.0,98.40000000000002,trade,Fab Melo
2011-02-24 00:00:00,added Álex Abrines to BOS,0.0,223058,0.0,98.40000000000002,trade,Álex Abrines
2011-02-24 00:00:00,lost Marquis Daniels to SAC,-0.0,223058,-0.0,98.40000000000002,trade,Marquis Daniels
2011-02-24 00:00:00,added Chris Johnson to BOS,-12.8,223045,0.0,98.40000000000002,signing,Chris Johnson
2011-03-02 00:00:00,added Troy Murphy to BOS,-231.4,222813,0.0,98.40000000000002,signing,Troy Murphy
2011-03-03 00:00:00,added Sasha Pavlović to BOS,-1823.0,220990,-0.1,98.30000000000004,signing,Sasha Pavlović
2011-03-06 00:00:00,added Carlos Arroyo to BOS,-570.0,220420,-0.1,98.20000000000005,signing,Carlos Arroyo
2011-06-23 00:00:00,added MarShon Brooks to BOS,-160.60000000000002,220260,0.0,98.20000000000005,draft,MarShon Brooks
2011-06-23 00:00:00,added E'Twaun Moore to BOS,-794.4,219465,0.0,98.20000000000005,draft,E'Twaun Moore
2011-06-23 00:00:00,lost MarShon Brooks to NJN,5505.599999999999,224971,0.1,98.30000000000004,trade,MarShon Brooks
2011-06-23 00:00:00,added JaJuan Johnson to BOS,-1162.2,223809,-0.1,98.20000000000005,trade,JaJuan Johnson
2011-06-23 00:00:00,added Russ Smith to BOS,0.0,223809,0.0,98.20000000000005,trade,Russ Smith
2011-12-09 00:00:00,added Marquis Daniels to BOS,-1500.4,222308,-0.1,98.10000000000004,signing,Marquis Daniels
2011-12-09 00:00:00,added Chris Wilcox to BOS,-1010.1,221298,0.0,98.10000000000004,signing,Chris Wilcox
2011-12-09 00:00:00,lost Albert Miralles to MIL,-0.0,221298,-0.0,98.10000000000004,trade,Albert Miralles
2011-12-09 00:00:00,added Keyon Dooling to BOS,-2846.6,218452,-0.4,97.70000000000005,trade,Keyon Dooling
2011-12-09 00:00:00,added Greg Stiemsma to BOS,1072.4,219524,0.7,98.40000000000003,signing,Greg Stiemsma
2011-12-12 00:00:00,added Mike Sweetney to BOS,0.0,219524,0.0,98.40000000000003,signing,Mike Sweetney
2011-12-12 00:00:00,lost Glen Davis to ORL,9431.4,228955,0.4,98.80000000000004,trade,Glen Davis
2011-12-12 00:00:00,lost Von Wafer to ORL,1219.4,230175,0.1,98.90000000000003,trade,Von Wafer
2011-12-12 00:00:00,added Brandon Bass to BOS,-8614.7,221560,2.1,101.00000000000004,trade,Brandon Bass
2011-12-12 00:00:00,added Jamal Sampson to BOS,0.0,221560,0.0,101.00000000000004,signing,Jamal Sampson
2011-12-24 00:00:00,added Mickaël Piétrus to BOS,-1657.8,219902,0.0,101.00000000000004,signing,Mickaël Piétrus
2012-03-23 00:00:00,added Ryan Hollins to BOS,-1008.0,218894,-0.2,100.80000000000004,signing,Ryan Hollins
2012-04-19 00:00:00,added Sean Williams to BOS,138.6,219033,0.1,100.90000000000002,signing,Sean Williams
2012-06-28 00:00:00,added Jared Sullinger to BOS,-1680.5999999999997,217352,2.8,103.70000000000002,draft,Jared Sullinger
2012-06-28 00:00:00,added Fab Melo to BOS,-273.6,217079,-0.1,103.60000000000002,draft,Fab Melo
2012-06-28 00:00:00,added Kris Joseph to BOS,-410.4,216668,-0.1,103.50000000000004,draft,Kris Joseph
2012-07-14 00:00:00,added Chris Wilcox to BOS,0.0,216668,0.4,103.90000000000003,signing,Chris Wilcox
2012-07-18 00:00:00,added Jason Terry to BOS,-424.8,216244,1.0,104.90000000000003,signing,Jason Terry
2012-07-20 00:00:00,lost Sasha Pavlović to POR,1742.4,217986,0.2,105.10000000000004,multitrade,Sasha Pavlović
2012-07-20 00:00:00,lost JaJuan Johnson to HOU,-0.0,217986,-0.0,105.10000000000004,multitrade,JaJuan Johnson
2012-07-20 00:00:00,lost E'Twaun Moore to HOU,-0.0,217986,-0.0,105.10000000000004,multitrade,E'Twaun Moore
2012-07-20 00:00:00,lost Sean Williams to HOU,-0.0,217986,-0.0,105.10000000000004,multitrade,Sean Williams
2012-07-20 00:00:00,lost Álex Abrines to HOU,-0.0,217986,-0.0,105.10000000000004,multitrade,Álex Abrines
2012-07-20 00:00:00,added Courtney Lee to BOS,-164.0999999999999,217822,1.2,106.30000000000004,multitrade,Courtney Lee
2012-07-31 00:00:00,added Jason Collins to BOS,-2310.0,215512,-0.4,105.90000000000003,signing,Jason Collins
2012-09-28 00:00:00,added Rob Kurz to BOS,0.0,215512,0.0,105.90000000000003,signing,Rob Kurz
2012-09-28 00:00:00,added Darko Miličić to BOS,-191.5,215320,0.0,105.90000000000003,signing,Darko Miličić
2012-10-18 00:00:00,added Leandro Barbosa to BOS,-359.1,214961,0.2,106.10000000000004,signing,Leandro Barbosa
2012-12-24 00:00:00,added Jarvis Varnado to BOS,-7.2,214954,0.0,106.10000000000004,signing,Jarvis Varnado
2013-02-20 00:00:00,added Terrence Williams to BOS,-763.1999999999999,214191,0.0,106.10000000000004,signing,Terrence Williams
2013-02-21 00:00:00,lost Leandro Barbosa to WAS,-0.0,214191,-0.0,106.10000000000004,trade,Leandro Barbosa
2013-02-21 00:00:00,lost Jason Collins to WAS,280.8,214472,-0.0,106.10000000000004,trade,Jason Collins
2013-02-21 00:00:00,added Jordan Crawford to BOS,-1496.2000000000005,212975,0.6000000000000001,106.70000000000005,trade,Jordan Crawford
2013-02-28 00:00:00,added D.J. White to BOS,-77.4,212898,0.0,106.70000000000005,signing,D.J. White
2013-03-01 00:00:00,added Shavlik Randolph to BOS,-693.0,212205,-0.1,106.60000000000004,signing,Shavlik Randolph
2013-06-25 00:00:00,added R.J. Hunter to BOS,0.0,212205,0.0,106.60000000000004,trade,R.J. Hunter
2013-06-27 00:00:00,added Lucas Nogueira to BOS,0.0,212205,0.0,106.60000000000004,draft,Lucas Nogueira
2013-06-27 00:00:00,lost Lucas Nogueira to DAL,-0.0,212205,-0.0,106.60000000000004,trade,Lucas Nogueira
2013-06-27 00:00:00,lost Cleanthony Early to DAL,-0.0,212205,-0.0,106.60000000000004,trade,Cleanthony Early
2013-06-27 00:00:00,lost Russ Smith to DAL,-0.0,212205,-0.0,106.60000000000004,trade,Russ Smith
2013-06-27 00:00:00,added Kelly Olynyk to BOS,0.0,212205,0.0,106.60000000000004,trade,Kelly Olynyk
2013-06-27 00:00:00,added Colton Iverson to BOS,0.0,212205,0.0,106.60000000000004,trade,Colton Iverson
2013-07-07 00:00:00,added Kelly Olynyk to BOS,2001.1,214206,3.4,110.00000000000004,signing,Kelly Olynyk
2013-07-12 00:00:00,lost Kevin Garnett to BRK,1074.6,215281,-0.7,109.30000000000004,trade,Kevin Garnett
2013-07-12 00:00:00,lost Paul Pierce to BRK,-3356.8,211924,-1.9,107.40000000000003,trade,Paul Pierce
2013-07-12 00:00:00,lost Jason Terry to BRK,1995.0,213919,0.2,107.60000000000004,trade,Jason Terry
2013-07-12 00:00:00,lost D.J. White to BRK,-0.0,213919,-0.0,107.60000000000004,trade,D.J. White
2013-07-12 00:00:00,lost Kyle Kuzma to BRK,-0.0,213919,-0.0,107.60000000000004,trade,Kyle Kuzma
2013-07-12 00:00:00,lost Sasha Vezenkov to BRK,-0.0,213919,-0.0,107.60000000000004,trade,Sasha Vezenkov
2013-07-12 00:00:00,added Keith Bogans to BOS,-110.0,213809,0.0,107.60000000000004,trade,Keith Bogans
2013-07-12 00:00:00,added MarShon Brooks to BOS,-160.60000000000002,213648,0.0,107.60000000000004,trade,MarShon Brooks
2013-07-12 00:00:00,added Kris Humphries to BOS,1238.4,214887,1.0,108.60000000000004,trade,Kris Humphries
2013-07-12 00:00:00,added Kris Joseph to BOS,0.0,214887,0.0,108.60000000000004,trade,Kris Joseph
2013-07-12 00:00:00,added Gerald Wallace to BOS,-2019.4,212867,0.3,108.90000000000003,trade,Gerald Wallace
2013-07-12 00:00:00,added James Young to BOS,0.0,212867,0.0,108.90000000000003,trade,James Young
2013-07-12 00:00:00,added Jaylen Brown to BOS,0.0,212867,0.0,108.90000000000003,trade,Jaylen Brown
2013-07-12 00:00:00,added Markelle Fultz to BOS,0.0,212867,0.0,108.90000000000003,trade,Markelle Fultz
2013-07-12 00:00:00,added Collin Sexton to BOS,0.0,212867,0.0,108.90000000000003,trade,Collin Sexton
2013-07-18 00:00:00,added Vítor Luiz Faverani to BOS,-1561.6,211306,-0.1,108.80000000000004,signing,Vítor Luiz Faverani
2013-07-22 00:00:00,added Phil Pressey to BOS,-4455.6,206850,-0.3,108.50000000000004,signing,Phil Pressey
2013-08-15 00:00:00,lost Fab Melo to MEM,-0.0,206850,-0.0,108.50000000000004,trade,Fab Melo
2013-08-15 00:00:00,added Donté Greene to BOS,0.0,206850,0.0,108.50000000000004,trade,Donté Greene
2014-01-07 00:00:00,lost Courtney Lee to MEM,1488.8000000000002,208339,-2.3,106.20000000000005,multitrade,Courtney Lee
2014-01-07 00:00:00,lost Joel Bolomboy to MEM,-0.0,208339,-0.0,106.20000000000005,multitrade,Joel Bolomboy
2014-01-07 00:00:00,added Jerryd Bayless to BOS,-1761.2,206578,0.1,106.30000000000004,multitrade,Jerryd Bayless
2014-01-07 00:00:00,added Ryan Gomes to BOS,0.0,206578,0.0,106.30000000000004,multitrade,Ryan Gomes
2014-01-15 00:00:00,lost MarShon Brooks to GSW,24.0,206602,-0.0,106.30000000000004,multitrade,MarShon Brooks
2014-01-15 00:00:00,lost Jordan Crawford to GSW,1784.7,208386,0.1,106.40000000000003,multitrade,Jordan Crawford
2014-01-15 00:00:00,added Joel Anthony to BOS,-730.1,207656,-0.1,106.30000000000004,multitrade,Joel Anthony
2014-01-15 00:00:00,added Jordan Mickey to BOS,0.0,207656,0.0,106.30000000000004,multitrade,Jordan Mickey
2014-01-15 00:00:00,added Ben Bentil to BOS,0.0,207656,0.0,106.30000000000004,multitrade,Ben Bentil
2014-01-15 00:00:00,added Deyonta Davis to BOS,0.0,207656,0.0,106.30000000000004,multitrade,Deyonta Davis
2014-01-16 00:00:00,added Chris Johnson to BOS,0.0,207656,0.0,106.30000000000004,signing,Chris Johnson
2014-02-07 00:00:00,added Chris Johnson to BOS,-946.8,206710,0.2,106.50000000000004,signing,Chris Johnson
2014-02-28 00:00:00,added Chris Babb to BOS,0.0,206710,0.0,106.50000000000004,signing,Chris Babb
2014-03-21 00:00:00,added Chris Babb to BOS,-805.1999999999999,205904,-0.1,106.40000000000003,signing,Chris Babb
2014-06-26 00:00:00,added Marcus Smart to BOS,0.0,205904,0.0,106.40000000000003,draft,Marcus Smart
2014-06-26 00:00:00,added James Young to BOS,0.0,205904,0.0,106.40000000000003,draft,James Young
2014-07-05 00:00:00,added Marcus Smart to BOS,-7626.5,198278,1.8000000000000007,108.20000000000005,signing,Marcus Smart
2014-07-10 00:00:00,lost Marcus Thornton to BOS,-1280.0,196998,-0.7,107.50000000000004,multitrade,Marcus Thornton
2014-07-10 00:00:00,lost Edin Bavčić to CLE,-0.0,196998,-0.0,107.50000000000004,multitrade,Edin Bavčić
2014-07-10 00:00:00,lost İlkan Karaman to CLE,-0.0,196998,-0.0,107.50000000000004,multitrade,İlkan Karaman
2014-07-10 00:00:00,added Jarrett Jack to BRK,-3184.0000000000005,193814,0.8,108.30000000000004,multitrade,Jarrett Jack
2014-07-10 00:00:00,added Sergey Karasev to BRK,-2459.7,191354,-0.2,108.10000000000004,multitrade,Sergey Karasev
2014-07-10 00:00:00,added James Young to BOS,-2310.3,189044,-0.2,107.90000000000003,signing,James Young
2014-07-15 00:00:00,added Avery Bradley to BOS,-6696.200000000001,182348,1.7999999999999998,109.70000000000005,signing,Avery Bradley
2014-07-19 00:00:00,lost Kris Humphries to WAS,2416.8,184764,-0.3,109.40000000000003,trade,Kris Humphries
2014-09-25 00:00:00,lost Keith Bogans to CLE,-0.0,184764,-0.0,109.40000000000003,trade,Keith Bogans
2014-09-25 00:00:00,added John Lucas III to BOS,0.0,184764,0.0,109.40000000000003,trade,John Lucas III
2014-09-25 00:00:00,added Erik Murphy to BOS,0.0,184764,0.0,109.40000000000003,trade,Erik Murphy
2014-09-25 00:00:00,added Dwight Powell to BOS,116.1,184881,0.0,109.40000000000003,trade,Dwight Powell
2014-09-25 00:00:00,added Malcolm Thomas to BOS,0.0,184881,0.0,109.40000000000003,trade,Malcolm Thomas
2014-09-25 00:00:00,added Abdel Nader to BOS,0.0,184881,0.0,109.40000000000003,trade,Abdel Nader
2014-09-25 00:00:00,added Kadeem Allen to BOS,0.0,184881,0.0,109.40000000000003,trade,Kadeem Allen
2014-09-28 00:00:00,added Tim Frazier to BOS,0.0,184881,0.0,109.40000000000003,signing,Tim Frazier
2014-09-29 00:00:00,added Evan Turner to BOS,-2260.0,182621,1.7000000000000002,111.10000000000004,signing,Evan Turner
2014-09-29 00:00:00,added Rodney McGruder to BOS,0.0,182621,0.0,111.10000000000004,signing,Rodney McGruder
2014-09-29 00:00:00,added Christian Watford to BOS,0.0,182621,0.0,111.10000000000004,signing,Christian Watford
2014-10-17 00:00:00,lost Joel Anthony to DET,-119.6,182501,-0.3,110.80000000000004,trade,Joel Anthony
2014-10-17 00:00:00,added Will Bynum to BOS,0.0,182501,0.0,110.80000000000004,trade,Will Bynum
2014-12-18 00:00:00,lost Dwight Powell to DAL,-10140.700000000004,172360,-8.900000000000002,101.90000000000003,trade,Dwight Powell
2014-12-18 00:00:00,lost Rajon Rondo to DAL,1978.5,174339,-0.2,101.70000000000005,trade,Rajon Rondo
2014-12-18 00:00:00,added Jae Crowder to BOS,829.1999999999998,175168,0.8999999999999995,102.60000000000004,trade,Jae Crowder
2014-12-18 00:00:00,added Jameer Nelson to BOS,-471.9,174696,-0.1,102.50000000000004,trade,Jameer Nelson
2014-12-18 00:00:00,added Brandan Wright to BOS,86.0,174782,0.1,102.60000000000004,trade,Brandan Wright
2014-12-18 00:00:00,added Guerschon Yabusele to BOS,0.0,174782,0.0,102.60000000000004,trade,Guerschon Yabusele
2014-12-18 00:00:00,added Demetrius Jackson to BOS,0.0,174782,0.0,102.60000000000004,trade,Demetrius Jackson
2015-01-09 00:00:00,lost Brandan Wright to PHO,-2488.2,172294,-1.0,101.60000000000004,trade,Brandan Wright
2015-01-09 00:00:00,added Rade Zagorac to BOS,0.0,172294,0.0,101.60000000000004,trade,Rade Zagorac
2015-01-09 00:00:00,added Semi Ojeleye to BOS,0.0,172294,0.0,101.60000000000004,trade,Semi Ojeleye
2015-01-12 00:00:00,lost Jeff Green to MEM,1345.0,173639,-1.1,100.50000000000004,multitrade,Jeff Green
2015-01-12 00:00:00,added Tayshaun Prince to BOS,792.0,174431,0.3,100.80000000000004,multitrade,Tayshaun Prince
2015-01-12 00:00:00,added Aaron Nesmith to BOS,0.0,174431,0.0,100.80000000000004,multitrade,Aaron Nesmith
2015-01-12 00:00:00,added Austin Rivers to BOS,0.0,174431,0.0,100.80000000000004,multitrade,Austin Rivers
2015-01-13 00:00:00,lost Jameer Nelson to DEN,7198.0,181629,-0.0,100.80000000000004,trade,Jameer Nelson
2015-01-13 00:00:00,added Nate Robinson to BOS,0.0,181629,0.0,100.80000000000004,trade,Nate Robinson
2015-01-15 00:00:00,lost Austin Rivers to LAC,13075.7,194705,-0.0,100.80000000000004,multitrade,Austin Rivers
2015-01-15 00:00:00,added Chris Douglas-Roberts to BOS,0.0,194705,0.0,100.80000000000004,multitrade,Chris Douglas-Roberts
2015-01-15 00:00:00,added Jabari Bird to BOS,0.0,194705,0.0,100.80000000000004,multitrade,Jabari Bird
2015-01-15 00:00:00,added Shavlik Randolph to BOS,-110.0,194595,0.0,100.80000000000004,multitrade,Shavlik Randolph
2015-01-23 00:00:00,added Andre Dawkins to BOS,0.0,194595,0.0,100.80000000000004,signing,Andre Dawkins
2015-02-19 00:00:00,lost Marcus Thornton to PHO,396.9,194991,0.1,100.90000000000003,multitrade,Marcus Thornton
2015-02-19 00:00:00,lost Skal Labissière to PHO,-0.0,194991,-0.0,100.90000000000003,multitrade,Skal Labissière
2015-02-19 00:00:00,lost Tayshaun Prince to DET,685.1999999999999,195677,-0.1,100.80000000000004,multitrade,Tayshaun Prince
2015-02-19 00:00:00,added Gigi Datome to BOS,249.6,195926,0.2,101.00000000000004,multitrade,Gigi Datome
2015-02-19 00:00:00,added Jonas Jerebko to BOS,316.1999999999998,196242,0.4,101.40000000000003,multitrade,Jonas Jerebko
2015-02-19 00:00:00,added Isaiah Thomas to BOS,31088.5,227331,10.7,112.10000000000004,multitrade,Isaiah Thomas
2015-04-06 00:00:00,added Chris Babb to BOS,0.0,227331,0.0,112.10000000000004,signing,Chris Babb
2015-06-25 00:00:00,added Terry Rozier to BOS,0.0,227331,0.0,112.10000000000004,draft,Terry Rozier
2015-06-25 00:00:00,added R.J. Hunter to BOS,0.0,227331,0.0,112.10000000000004,draft,R.J. Hunter
2015-06-25 00:00:00,added Jordan Mickey to BOS,0.0,227331,0.0,112.10000000000004,draft,Jordan Mickey
2015-06-25 00:00:00,added Marcus Thornton to BOS,0.0,227331,0.0,112.10000000000004,draft,Marcus Thornton
2015-07-09 00:00:00,added Amir Johnson to BOS,3124.8,230456,2.5,114.60000000000004,signing,Amir Johnson
2015-07-09 00:00:00,added Jonas Jerebko to BOS,-5308.799999999999,225147,-0.1,114.50000000000006,signing,Jonas Jerebko
2015-07-09 00:00:00,lost Chris Babb to GSW,-0.0,225147,-0.0,114.50000000000006,trade,Chris Babb
2015-07-09 00:00:00,lost Gerald Wallace to GSW,-0.0,225147,-0.0,114.50000000000006,trade,Gerald Wallace
2015-07-09 00:00:00,added David Lee to BOS,0.0,225147,0.2,114.70000000000006,trade,David Lee
2015-07-14 00:00:00,lost Kevin Hervey to OKC,265.2,225412,-0.0,114.70000000000006,trade,Kevin Hervey
2015-07-14 00:00:00,added Perry Jones to BOS,0.0,225412,0.0,114.70000000000006,trade,Perry Jones
2015-07-14 00:00:00,added Isaiah Roby to BOS,0.0,225412,0.0,114.70000000000006,trade,Isaiah Roby
2015-07-19 00:00:00,added Jordan Mickey to BOS,-748.2,224664,-0.1,114.60000000000008,signing,Jordan Mickey
2015-07-27 00:00:00,added Jae Crowder to BOS,7179.1,231843,4.2,118.80000000000008,signing,Jae Crowder
2015-07-27 00:00:00,added Zoran Dragić to BOS,0.0,231843,0.0,118.80000000000008,trade,Zoran Dragić
2015-07-27 00:00:00,added Skylar Mays to BOS,0.0,231843,0.0,118.80000000000008,trade,Skylar Mays
2015-07-27 00:00:00,added R.J. Hunter to BOS,-661.5,231182,0.0,118.80000000000008,signing,R.J. Hunter
2015-07-27 00:00:00,added Terry Rozier to BOS,319.3000000000004,231501,2.8,121.60000000000008,signing,Terry Rozier
2015-08-03 00:00:00,added Corey Walden to BOS,0.0,231501,0.0,121.60000000000008,signing,Corey Walden
2015-08-06 00:00:00,added Malcolm Miller to BOS,0.0,231501,0.0,121.60000000000008,signing,Malcolm Miller
2015-08-12 00:00:00,added Levi Randolph to BOS,0.0,231501,0.0,121.60000000000008,signing,Levi Randolph
2015-08-20 00:00:00,added Coty Clarke to BOS,0.0,231501,0.0,121.60000000000008,signing,Coty Clarke
2016-03-07 00:00:00,added Coty Clarke to BOS,99.0,231600,0.0,121.60000000000008,signing,Coty Clarke
2016-04-11 00:00:00,added John Holland to BOS,0.0,231600,0.0,121.60000000000008,signing,John Holland
2016-06-23 00:00:00,added Jaylen Brown to BOS,0.0,231600,0.0,121.60000000000008,draft,Jaylen Brown
2016-06-23 00:00:00,added Guerschon Yabusele to BOS,0.0,231600,0.0,121.60000000000008,draft,Guerschon Yabusele
2016-06-23 00:00:00,added Ante Žižić to BOS,0.0,231600,0.0,121.60000000000008,draft,Ante Žižić
2016-06-23 00:00:00,added Deyonta Davis to BOS,0.0,231600,0.0,121.60000000000008,draft,Deyonta Davis
2016-06-23 00:00:00,added Rade Zagorac to BOS,0.0,231600,0.0,121.60000000000008,draft,Rade Zagorac
2016-06-23 00:00:00,added Demetrius Jackson to BOS,0.0,231600,0.0,121.60000000000008,draft,Demetrius Jackson
2016-06-23 00:00:00,added Ben Bentil to BOS,0.0,231600,0.0,121.60000000000008,draft,Ben Bentil
2016-06-23 00:00:00,added Abdel Nader to BOS,0.0,231600,0.0,121.60000000000008,draft,Abdel Nader
2016-06-23 00:00:00,lost Deyonta Davis to MEM,2509.3,234109,0.1,121.70000000000006,trade,Deyonta Davis
2016-06-23 00:00:00,lost Rade Zagorac to MEM,-0.0,234109,-0.0,121.70000000000006,trade,Rade Zagorac
2016-06-23 00:00:00,added Matisse Thybulle to BOS,0.0,234109,0.0,121.70000000000006,trade,Matisse Thybulle
2016-07-08 00:00:00,added Al Horford to BOS,50722.6,284832,19.8,141.50000000000006,signing,Al Horford
2016-07-26 00:00:00,added Demetrius Jackson to BOS,166.60000000000002,284998,0.1,141.60000000000005,signing,Demetrius Jackson
2016-07-27 00:00:00,added Jaylen Brown to BOS,-10055.0,274943,0.1999999999999993,141.80000000000004,signing,Jaylen Brown
2016-07-27 00:00:00,added Ben Bentil to BOS,0.0,274943,0.0,141.80000000000004,signing,Ben Bentil
2016-07-27 00:00:00,added Tyler Zeller to BOS,-1260.0,273683,0.0,141.80000000000004,signing,Tyler Zeller
2016-07-27 00:00:00,added Gerald Green to BOS,-1614.0,272069,-0.1,141.70000000000005,signing,Gerald Green
2016-08-17 00:00:00,added Marcus Georges-Hunt to BOS,0.0,272069,0.0,141.70000000000005,signing,Marcus Georges-Hunt
2016-09-16 00:00:00,added Jalen Jones to BOS,0.0,272069,0.0,141.70000000000005,signing,Jalen Jones
2016-09-16 00:00:00,added Damion Lee to BOS,0.0,272069,0.0,141.70000000000005,signing,Damion Lee
2016-10-21 00:00:00,added Ryan Kelly to BOS,0.0,272069,0.0,141.70000000000005,signing,Ryan Kelly
2017-06-19 00:00:00,lost Markelle Fultz to PHI,1981.5,274051,0.1,141.80000000000004,trade,Markelle Fultz
2017-06-19 00:00:00,added Jayson Tatum to BOS,0.0,274051,0.0,141.80000000000004,trade,Jayson Tatum
2017-06-19 00:00:00,added Romeo Langford to BOS,0.0,274051,0.0,141.80000000000004,trade,Romeo Langford
2017-06-22 00:00:00,added Jayson Tatum to BOS,0.0,274051,0.0,141.80000000000004,draft,Jayson Tatum
2017-06-22 00:00:00,added Semi Ojeleye to BOS,0.0,274051,0.0,141.80000000000004,draft,Semi Ojeleye
2017-06-22 00:00:00,added Kadeem Allen to BOS,0.0,274051,0.0,141.80000000000004,draft,Kadeem Allen
2017-06-22 00:00:00,added Jabari Bird to BOS,0.0,274051,0.0,141.80000000000004,draft,Jabari Bird
2017-07-01 00:00:00,added Jayson Tatum to BOS,76339.7,350391,29.2,171.00000000000003,signing,Jayson Tatum
2017-07-01 00:00:00,added Ante Žižić to BOS,0.0,350391,0.0,171.00000000000003,signing,Ante Žižić
2017-07-07 00:00:00,lost Avery Bradley to DET,4945.2,355336,0.6,171.60000000000002,trade,Avery Bradley
2017-07-07 00:00:00,lost Isaiah Roby to DET,-0.0,355336,-0.0,171.60000000000002,trade,Isaiah Roby
2017-07-07 00:00:00,added Marcus Morris to BOS,-2026.1,353310,1.2999999999999998,172.90000000000003,trade,Marcus Morris
2017-07-14 00:00:00,added Gordon Hayward to BOS,6151.4,359461,3.3,176.20000000000005,signing,Gordon Hayward
2017-07-15 00:00:00,added Abdel Nader to BOS,-2766.6,356694,-0.4,175.80000000000004,signing,Abdel Nader
2017-07-17 00:00:00,added Paul Pierce to BOS,0.0,356694,0.0,175.80000000000004,signing,Paul Pierce
2017-07-19 00:00:00,added Semi Ojeleye to BOS,-11779.7,344915,-1.1,174.70000000000005,signing,Semi Ojeleye
2017-07-19 00:00:00,added Aron Baynes to BOS,-4306.5,340608,-0.3,174.40000000000003,signing,Aron Baynes
2017-07-19 00:00:00,added Kadeem Allen to BOS,-823.9,339784,-0.2,174.20000000000005,signing,Kadeem Allen
2017-07-20 00:00:00,added Daniel Theis to BOS,280.8000000000002,340065,1.0000000000000004,175.20000000000005,signing,Daniel Theis
2017-07-20 00:00:00,added Guerschon Yabusele to BOS,-959.7,339105,0.0,175.20000000000005,signing,Guerschon Yabusele
2017-07-31 00:00:00,added Shane Larkin to BOS,-1317.5,337788,0.1,175.30000000000004,signing,Shane Larkin
2017-08-29 00:00:00,added Andrew White to BOS,0.0,337788,0.0,175.30000000000004,signing,Andrew White
2017-08-29 00:00:00,added L.J. Peak to BOS,0.0,337788,0.0,175.30000000000004,signing,L.J. Peak
2017-08-30 00:00:00,lost Jae Crowder to CLE,4038.0,341826,0.3,175.60000000000005,trade,Jae Crowder
2017-08-30 00:00:00,lost Isaiah Thomas to CLE,1948.8,343775,0.3,175.90000000000006,trade,Isaiah Thomas
2017-08-30 00:00:00,lost Ante Žižić to CLE,3955.6,347730,0.1999999999999999,176.10000000000005,trade,Ante Žižić
2017-08-30 00:00:00,lost Collin Sexton to CLE,17819.5,365550,0.8999999999999999,177.00000000000006,trade,Collin Sexton
2017-08-30 00:00:00,lost Skylar Mays to CLE,-0.0,365550,-0.0,177.00000000000006,trade,Skylar Mays
2017-08-30 00:00:00,added Kyrie Irving to BOS,30037.1,395587,9.6,186.60000000000005,trade,Kyrie Irving
2017-09-05 00:00:00,added Jabari Bird to BOS,-356.5,395230,0.0,186.60000000000005,signing,Jabari Bird
2017-09-26 00:00:00,added Jonathan Holmes to BOS,0.0,395230,0.0,186.60000000000005,signing,Jonathan Holmes
2017-09-26 00:00:00,added Devin Williams to BOS,0.0,395230,0.0,186.60000000000005,signing,Devin Williams
2017-10-10 00:00:00,added Daniel Dixon to BOS,0.0,395230,0.0,186.60000000000005,signing,Daniel Dixon
2017-10-13 00:00:00,added Daniel Ochefu to BOS,0.0,395230,0.0,186.60000000000005,signing,Daniel Ochefu
2018-01-20 00:00:00,added Jarell Eddie to BOS,-7.800000000000001,395223,0.0,186.60000000000005,signing,Jarell Eddie
2018-02-08 00:00:00,added Greg Monroe to BOS,1785.6,397008,0.7,187.30000000000004,signing,Greg Monroe
2018-03-28 00:00:00,added Xavier Silas to BOS,-56.7,396952,0.0,187.30000000000004,signing,Xavier Silas
2018-04-06 00:00:00,added Jonathan Gibson to BOS,164.0,397116,0.1,187.40000000000003,signing,Jonathan Gibson
2018-06-21 00:00:00,added Robert Williams to BOS,0.0,397116,0.0,187.40000000000003,draft,Robert Williams
2018-07-03 00:00:00,added Brad Wanamaker to BOS,-240.1,396875,0.0999999999999999,187.50000000000003,signing,Brad Wanamaker
2018-07-05 00:00:00,added Robert Williams to BOS,21039.4,417915,7.5,195.00000000000003,signing,Robert Williams
2018-07-06 00:00:00,added Aron Baynes to BOS,-1231.5,416683,0.1,195.1,signing,Aron Baynes
2018-07-19 00:00:00,added Marcus Smart to BOS,3163.3,419847,5.8,200.90000000000003,signing,Marcus Smart
2018-07-23 00:00:00,lost Abdel Nader to OKC,3087.8,422934,-0.0,200.90000000000003,trade,Abdel Nader
2018-07-23 00:00:00,added Rodney Purvis to BOS,0.0,422934,0.0,200.90000000000003,trade,Rodney Purvis
2018-07-25 00:00:00,added Walt Lemon Jr. to BOS,0.0,422934,0.0,200.90000000000003,signing,Walt Lemon Jr.
2018-07-26 00:00:00,added Jabari Bird to BOS,0.0,422934,0.0,200.90000000000003,signing,Jabari Bird
2018-08-20 00:00:00,added PJ Dozier to BOS,-102.0,422832,0.0,200.90000000000003,signing,PJ Dozier
2018-10-01 00:00:00,added Marcus Georges-Hunt to BOS,0.0,422832,0.0,200.90000000000003,signing,Marcus Georges-Hunt
2019-01-10 00:00:00,added R.J. Hunter to BOS,93.6,422926,0.0,200.90000000000003,signing,R.J. Hunter
2019-02-07 00:00:00,lost Jabari Bird to ATL,-0.0,422926,-0.0,200.90000000000003,trade,Jabari Bird
2019-03-24 00:00:00,added Greg Monroe to BOS,126.0,423052,0.0,200.90000000000003,signing,Greg Monroe
2019-04-09 00:00:00,added Jonathan Gibson to BOS,0.0,423052,0.0,200.90000000000003,signing,Jonathan Gibson
2019-06-20 00:00:00,added Romeo Langford to BOS,0.0,423052,0.0,200.90000000000003,draft,Romeo Langford
2019-06-20 00:00:00,added Matisse Thybulle to BOS,0.0,423052,0.0,200.90000000000003,draft,Matisse Thybulle
2019-06-20 00:00:00,added Grant Williams to BOS,0.0,423052,0.0,200.90000000000003,draft,Grant Williams
2019-06-20 00:00:00,added Tremont Waters to BOS,0.0,423052,0.0,200.90000000000003,draft,Tremont Waters
2019-06-21 00:00:00,lost Matisse Thybulle to PHI,-4764.900000000001,418287,-3.7,197.20000000000005,trade,Matisse Thybulle
2019-06-21 00:00:00,added Carsen Edwards to BOS,0.0,418287,0.0,197.20000000000005,trade,Carsen Edwards
2019-06-21 00:00:00,added Ty Jerome to BOS,0.0,418287,0.0,197.20000000000005,trade,Ty Jerome
2019-07-06 00:00:00,lost Aron Baynes to PHO,934.0,419221,-0.2,197.00000000000009,trade,Aron Baynes
2019-07-06 00:00:00,lost Ty Jerome to PHO,1213.6,420435,0.1,197.10000000000005,trade,Ty Jerome
2019-07-06 00:00:00,added Desmond Bane to BOS,0.0,420435,0.0,197.10000000000005,trade,Desmond Bane
2019-07-06 00:00:00,added Terry Rozier to BOS,0.0,420435,0.0,197.10000000000005,signing,Terry Rozier
2019-07-06 00:00:00,lost Terry Rozier to CHO,-8242.699999999999,412192,-7.199999999999999,189.9000000000001,trade,Terry Rozier
2019-07-06 00:00:00,lost Grant Riller to CHO,-137.7,412054,-0.0,189.9000000000001,trade,Grant Riller
2019-07-06 00:00:00,added Kemba Walker to BOS,10888.1,422942,4.3,194.20000000000007,trade,Kemba Walker
2019-07-06 00:00:00,added Yam Madar to BOS,0.0,422942,0.0,194.20000000000007,trade,Yam Madar
2019-07-11 00:00:00,added Romeo Langford to BOS,-3988.4,418954,-0.3,193.9000000000001,signing,Romeo Langford
2019-07-11 00:00:00,added Grant Williams to BOS,-10026.2,408928,0.6000000000000001,194.50000000000009,signing,Grant Williams
2019-07-14 00:00:00,added Carsen Edwards to BOS,-2856.6,406071,-0.4,194.10000000000005,signing,Carsen Edwards
2019-07-15 00:00:00,added Vincent Poirier to BOS,-494.0,405577,-0.1,194.00000000000009,signing,Vincent Poirier
2019-07-16 00:00:00,added Daniel Theis to BOS,4129.9,409707,2.5,196.50000000000009,signing,Daniel Theis
2019-07-17 00:00:00,added Enes Kanter to BOS,899.1,410606,1.0,197.50000000000009,signing,Enes Kanter
2019-07-17 00:00:00,added Brad Wanamaker to BOS,-821.4,409785,0.5,198.00000000000009,signing,Brad Wanamaker
2019-07-19 00:00:00,added Max Strus to BOS,0.0,409785,0.0,198.00000000000009,signing,Max Strus
2019-07-25 00:00:00,added Tremont Waters to BOS,-892.5,408892,-0.2,197.80000000000007,signing,Tremont Waters
2019-07-25 00:00:00,added Javonte Green to BOS,-500.1,408392,0.3,198.10000000000008,signing,Javonte Green
2019-09-25 00:00:00,added Bryce Brown to BOS,0.0,408392,0.0,198.10000000000008,signing,Bryce Brown
2019-09-27 00:00:00,added John Bohannon to BOS,0.0,408392,0.0,198.10000000000008,signing,John Bohannon
2019-09-30 00:00:00,added Kaiser Gates to BOS,0.0,408392,0.0,198.10000000000008,signing,Kaiser Gates
2019-10-13 00:00:00,added Tacko Fall to BOS,214.5,408607,0.1,198.20000000000007,signing,Tacko Fall
2019-10-20 00:00:00,added Justin Bibbs to BOS,0.0,408607,0.0,198.20000000000007,signing,Justin Bibbs
2019-10-20 00:00:00,added Dorian Pickens to BOS,0.0,408607,0.0,198.20000000000007,signing,Dorian Pickens
2019-10-21 00:00:00,added Jaylen Brown to BOS,15757.500000000002,424364,10.6,208.80000000000007,signing,Jaylen Brown
2020-11-18 00:00:00,added Aaron Nesmith to BOS,0.0,424364,0.0,208.80000000000007,draft,Aaron Nesmith
2020-11-18 00:00:00,added Payton Pritchard to BOS,0.0,424364,0.0,208.80000000000007,draft,Payton Pritchard
2020-11-18 00:00:00,added Desmond Bane to BOS,0.0,424364,0.0,208.80000000000007,draft,Desmond Bane
2020-11-18 00:00:00,added Yam Madar to BOS,0.0,424364,0.0,208.80000000000007,draft,Yam Madar
2020-11-19 00:00:00,lost Vincent Poirier to OKC,-0.0,424364,-0.0,208.80000000000007,trade,Vincent Poirier
2020-11-20 00:00:00,lost Enes Kanter to POR,-1054.8,423309,-1.2,207.60000000000008,multitrade,Enes Kanter
2020-11-20 00:00:00,lost Desmond Bane to MEM,-21996.1,401313,-10.1,197.50000000000009,multitrade,Desmond Bane
2020-11-20 00:00:00,added Keyonte Johnson to BOS,0.0,401313,0.0,197.50000000000009,multitrade,Keyonte Johnson
2020-11-23 00:00:00,added Tremont Waters to BOS,71.39999999999999,401385,0.1,197.60000000000008,signing,Tremont Waters
2020-11-23 00:00:00,added Tacko Fall to BOS,163.2,401548,0.1,197.70000000000007,signing,Tacko Fall
2020-11-24 00:00:00,added Payton Pritchard to BOS,7628.200000000001,409176,5.5,203.20000000000007,signing,Payton Pritchard
2020-11-24 00:00:00,added Aaron Nesmith to BOS,-4609.0,404567,-0.5,202.70000000000007,signing,Aaron Nesmith
2020-11-29 00:00:00,added Gordon Hayward to BOS,0.0,404567,0.0,202.70000000000007,signing,Gordon Hayward
2020-11-29 00:00:00,lost Gordon Hayward to CHO,2345.4,406913,-2.1,200.60000000000008,trade,Gordon Hayward
2020-11-29 00:00:00,lost Trayce Jackson-Davis to CHO,-0.0,406913,-0.0,200.60000000000008,trade,Trayce Jackson-Davis
2020-11-29 00:00:00,lost Ariel Hukporti to CHO,-0.0,406913,-0.0,200.60000000000008,trade,Ariel Hukporti
2020-11-30 00:00:00,added Jeff Teague to BOS,-1663.2,405249,-0.1,200.50000000000009,signing,Jeff Teague
2020-11-30 00:00:00,added Tristan Thompson to BOS,-3217.5,402032,-0.2,200.3000000000001,signing,Tristan Thompson
2021-03-25 00:00:00,lost Javonte Green to CHI,-1207.1,400825,-1.4,198.9000000000001,multitrade,Javonte Green
2021-03-25 00:00:00,lost Daniel Theis to CHI,401.8,401227,-0.2,198.7000000000001,multitrade,Daniel Theis
2021-03-25 00:00:00,added Luke Kornet to BOS,8889.5,410116,3.9,202.6000000000001,multitrade,Luke Kornet
2021-03-25 00:00:00,added Moritz Wagner to BOS,-628.3000000000001,409488,-0.1,202.5000000000001,multitrade,Moritz Wagner
2021-03-25 00:00:00,lost Jeff Teague to ORL,-0.0,409488,-0.0,202.5000000000001,trade,Jeff Teague
2021-03-25 00:00:00,added Evan Fournier to BOS,141.6,409629,0.3,202.80000000000013,trade,Evan Fournier
2021-04-16 00:00:00,added Jabari Parker to BOS,175.0,409804,0.2,203.0000000000001,signing,Jabari Parker
2022-01-04 00:00:00,,0.0,409804,0.0,203.0000000000001,,
2022-01-04 00:00:00,lost Miye Oni to OKC,-0.0,409804,-0.0,203.0000000000001,trade,Miye Oni
2022-01-06 00:00:00,added Danuel House to UTA,0.0,409804,0.0,203.0000000000001,signing,Danuel House
2022-01-07 00:00:00,added Norvel Pelle to UTA,-134.9,409669,0.0,203.0000000000001,signing,Norvel Pelle
2022-01-10 00:00:00,added Denzel Valentine to UTA,-117.0,409552,0.0,203.0000000000001,signing,Denzel Valentine
2022-01-12 00:00:00,added Zylan Cheatham to UTA,-153.0,409399,0.0,203.0000000000001,signing,Zylan Cheatham
2022-01-28 00:00:00,added Danuel House to UTA,0.0,409399,0.0,203.0000000000001,signing,Danuel House
2022-02-09 00:00:00,lost Elijah Hughes to POR,2833.6000000000004,412233,0.6,203.6000000000001,multitrade,Elijah Hughes
2022-02-09 00:00:00,lost Joe Ingles to POR,-0.0,412233,-0.0,203.6000000000001,multitrade,Joe Ingles
2022-02-09 00:00:00,lost Jabari Walker to POR,10231.9,422465,1.0,204.6000000000001,multitrade,Jabari Walker
2022-02-09 00:00:00,added Nickeil Alexander-Walker to UTA,10.700000000000015,422476,0.3,204.9000000000001,multitrade,Nickeil Alexander-Walker
2022-02-09 00:00:00,added Juan Hernangomez to UTA,655.6,423131,0.3,205.20000000000013,multitrade,Juan Hernangomez
2022-02-11 00:00:00,added Danuel House to UTA,589.1999999999999,423720,0.4,205.6000000000001,signing,Danuel House
2022-02-16 00:00:00,added Xavier Sneed to UTA,-254.2,423466,0.0,205.6000000000001,signing,Xavier Sneed
2022-03-28 00:00:00,added Greg Monroe to UTA,114.4,423581,0.0,205.6000000000001,signing,Greg Monroe
2022-06-30 00:00:00,lost Royce O'Neale to BRK,3491.3,427072,-0.9,204.70000000000013,trade,Royce O'Neale
2022-06-30 00:00:00,added Brice Sensabaugh to UTA,0.0,427072,0.0,204.70000000000013,trade,Brice Sensabaugh
2022-07-06 00:00:00,lost Rudy Gobert to MIN,-10048.7,417023,-6.1,198.6000000000001,trade,Rudy Gobert
2022-07-06 00:00:00,added Malik Beasley to UTA,-2355.2000000000003,414668,0.2,198.80000000000013,trade,Malik Beasley
2022-07-06 00:00:00,added Patrick Beverley to UTA,0.0,414668,0.0,198.80000000000013,trade,Patrick Beverley
2022-07-06 00:00:00,added Leandro Bolmaro to UTA,-999.6,413668,-0.2,198.6000000000001,trade,Leandro Bolmaro
2022-07-06 00:00:00,added Walker Kessler to UTA,0.0,413668,0.0,198.6000000000001,trade,Walker Kessler
2022-07-06 00:00:00,added Jarred Vanderbilt to UTA,1881.0,415549,1.1,199.70000000000013,trade,Jarred Vanderbilt
2022-07-06 00:00:00,added Keyonte George to UTA,0.0,415549,0.0,199.70000000000013,trade,Keyonte George
2022-07-09 00:00:00,added Walker Kessler to UTA,9414.4,424964,4.9,204.6000000000001,signing,Walker Kessler
2022-07-15 00:00:00,added Johnny Juzang to UTA,-1508.0,423456,-0.2999999999999999,204.30000000000013,signing,Johnny Juzang
2022-07-27 00:00:00,added Simone Fontecchio to UTA,-5839.200000000001,417617,-0.5,203.80000000000013,signing,Simone Fontecchio
2022-08-25 00:00:00,lost Patrick Beverley to LAL,2179.8,419796,-0.1,203.70000000000013,trade,Patrick Beverley
2022-08-25 00:00:00,added Talen Horton-Tucker to UTA,-3311.6000000000004,416485,0.4,204.1000000000001,trade,Talen Horton-Tucker
2022-08-25 00:00:00,added Stanley Johnson to UTA,0.0,416485,0.0,204.1000000000001,trade,Stanley Johnson
2022-09-03 00:00:00,lost Donovan Mitchell to CLE,-34620.4,381864,-12.1,192.0000000000001,trade,Donovan Mitchell
2022-09-03 00:00:00,added Ochai Agbaji to UTA,-6636.0,375228,-0.6,191.40000000000012,trade,Ochai Agbaji
2022-09-03 00:00:00,added Lauri Markkanen to UTA,14746.6,389975,6.6000000000000005,198.0000000000001,trade,Lauri Markkanen
2022-09-03 00:00:00,added Collin Sexton to UTA,1399.2,391374,2.8000000000000003,200.80000000000013,trade,Collin Sexton
2022-09-14 00:00:00,added Paris Bass to UTA,0.0,391374,0.0,200.80000000000013,signing,Paris Bass
2022-09-22 00:00:00,lost Bojan Bogdanovic to DET,419.7000000000001,391794,-1.4,199.40000000000012,trade,Bojan Bogdanovic
2022-09-22 00:00:00,added Saben Lee to UTA,0.0,391794,0.0,199.40000000000012,trade,Saben Lee
2022-09-22 00:00:00,added Kelly Olynyk to UTA,3426.2000000000003,395220,2.4,201.80000000000013,trade,Kelly Olynyk
2022-09-25 00:00:00,added Cody Zeller to UTA,0.0,395220,0.0,201.80000000000013,signing,Cody Zeller
2022-10-09 00:00:00,added Darryl Morsell to UTA,0.0,395220,0.0,201.80000000000013,signing,Darryl Morsell
2022-10-11 00:00:00,added Jeenathan Williams to UTA,0.0,395220,0.0,201.80000000000013,signing,Jeenathan Williams
2022-10-12 00:00:00,added Micah Potter to UTA,-245.80000000000013,394974,0.1,201.90000000000012,signing,Micah Potter
2022-10-15 00:00:00,added Isaiah Miller to UTA,0.0,394974,0.0,201.90000000000012,signing,Isaiah Miller
2022-10-15 00:00:00,added Frank Jackson to UTA,0.0,394974,0.0,201.90000000000012,signing,Frank Jackson
2022-10-15 00:00:00,added Tyler Cook to UTA,0.0,394974,0.0,201.90000000000012,signing,Tyler Cook
2023-02-09 00:00:00,lost Nickeil Alexander-Walker to MIN,1680.8,396655,-1.7,200.20000000000016,multitrade,Nickeil Alexander-Walker
2023-02-09 00:00:00,lost Mike Conley to MIN,-11173.5,385482,-5.1,195.10000000000016,multitrade,Mike Conley
2023-02-09 00:00:00,lost Malik Beasley to LAL,1800.9,387283,0.1,195.20000000000016,multitrade,Malik Beasley
2023-02-09 00:00:00,lost Jarred Vanderbilt to LAL,1422.8000000000002,388705,-0.5,194.70000000000016,multitrade,Jarred Vanderbilt
2023-02-09 00:00:00,added Damian Jones to UTA,-451.5,388254,0.0,194.70000000000016,multitrade,Damian Jones
2023-02-09 00:00:00,added Juan Toscano-Anderson to UTA,-1440.5,386813,-0.2,194.50000000000017,multitrade,Juan Toscano-Anderson
2023-02-09 00:00:00,added Russell Westbrook to UTA,0.0,386813,0.0,194.50000000000017,multitrade,Russell Westbrook
2023-02-22 00:00:00,added Frank Jackson to UTA,-111.0,386702,0.0,194.50000000000017,signing,Frank Jackson
2023-02-22 00:00:00,added Kris Dunn to UTA,0.0,386702,0.0,194.50000000000017,signing,Kris Dunn
2023-03-14 00:00:00,added Kris Dunn to UTA,1238.3,387941,1.2,195.70000000000016,signing,Kris Dunn
2023-03-18 00:00:00,added Jarrell Brantley to UTA,136.5,388077,0.1,195.80000000000013,signing,Jarrell Brantley
2023-03-28 00:00:00,added Luka Šamanić to UTA,0.0,388077,0.0,195.80000000000013,signing,Luka Šamanić
2023-04-07 00:00:00,added Luka Šamanić to UTA,-3489.3,384588,-0.6,195.20000000000016,signing,Luka Šamanić
2023-04-08 00:00:00,added Vernon Carey Jr. to UTA,0.0,384588,0.0,195.20000000000016,signing,Vernon Carey Jr.
2023-06-22 00:00:00,added Taylor Hendricks to UTA,0.0,384588,0.0,195.20000000000016,draft,Taylor Hendricks
2023-06-22 00:00:00,added Keyone George to UTA,0.0,384588,0.0,195.20000000000016,draft,Keyone George
2023-06-22 00:00:00,added Brice Sensabaugh to UTA,0.0,384588,0.0,195.20000000000016,draft,Brice Sensabaugh
2023-07-02 00:00:00,added Keyonte George to UTA,-13570.2,371018,-1.3,193.90000000000012,signing,Keyonte George
2023-07-02 00:00:00,added Taylor Hendricks to UTA,-1632.1,369386,0.1,194.0000000000001,signing,Taylor Hendricks
2023-07-02 00:00:00,added Brice Sensabaugh to UTA,-5117.4,364268,-0.3,193.70000000000013,signing,Brice Sensabaugh
2023-07-03 00:00:00,added Joey Hauser to UTA,0.0,364268,0.0,193.70000000000013,signing,Joey Hauser
2023-07-07 00:00:00,lost Rudy Gay to ATL,-0.0,364268,-0.0,193.70000000000013,trade,Rudy Gay
2023-07-07 00:00:00,added John Collins to UTA,-490.9000000000001,363777,1.4,195.1000000000001,trade,John Collins
2023-07-08 00:00:00,lost Damian Jones to CLE,135.0,363912,-0.1,195.0000000000001,trade,Damian Jones
2023-07-17 00:00:00,added Omer Yurtseven to UTA,-1635.0,362277,-0.1,194.90000000000012,signing,Omer Yurtseven
2023-07-19 00:00:00,added Johnny Juzang to UTA,-1376.4,360901,-0.2,194.70000000000016,signing,Johnny Juzang
2023-10-13 00:00:00,added Josh Christopher to UTA,0.0,360901,0.0,194.70000000000016,signing,Josh Christopher
2024-01-08 00:00:00,added Jason Preston to UTA,-184.6,360716,0.0,194.70000000000016,signing,Jason Preston
2024-02-08 00:00:00,lost Simone Fontecchio to DET,3209.9,363926,-0.0,194.70000000000016,trade,Simone Fontecchio
2024-02-08 00:00:00,added Kevin Knox to UTA,0.0,363926,0.0,194.70000000000016,trade,Kevin Knox
2024-02-08 00:00:00,added Gabriele Procida to UTA,0.0,363926,0.0,194.70000000000016,trade,Gabriele Procida
2024-02-08 00:00:00,added Kyle Filipowski to UTA,0.0,363926,0.0,194.70000000000016,trade,Kyle Filipowski
2024-02-08 00:00:00,lost Ochai Agbaji to TOR,5646.4,369573,0.1999999999999999,194.90000000000012,trade,Ochai Agbaji
2024-02-08 00:00:00,lost Kelly Olynyk to TOR,-594.6,368978,-0.7,194.20000000000016,trade,Kelly Olynyk
2024-02-08 00:00:00,added Kira Lewis Jr. to UTA,-416.5,368561,0.0,194.20000000000016,trade,Kira Lewis Jr.
2024-02-08 00:00:00,added Otto Porter Jr. to UTA,0.0,368561,0.0,194.20000000000016,trade,Otto Porter Jr.
2024-02-08 00:00:00,added Isaiah Collier to UTA,0.0,368561,0.0,194.20000000000016,trade,Isaiah Collier
2024-03-09 00:00:00,added Taevion Kinsey to UTA,0.0,368561,0.0,194.20000000000016,signing,Taevion Kinsey
2024-03-11 00:00:00,added Kenny Lofton Jr. to UTA,682.5,369244,0.2,194.40000000000012,signing,Kenny Lofton Jr.
2024-03-12 00:00:00,added Darius Bazley to UTA,28.4,369272,0.1,194.5000000000001,signing,Darius Bazley
2024-06-26 00:00:00,added Cody Williams to UTA,0.0,369272,0.0,194.5000000000001,draft,Cody Williams
2024-06-26 00:00:00,added Isaiah Collier to UTA,0.0,369272,0.0,194.5000000000001,draft,Isaiah Collier
2024-06-26 00:00:00,added Kyle Filipowski to UTA,0.0,369272,0.0,194.5000000000001,draft,Kyle Filipowski
2024-06-26 00:00:00,added Cody Williams to UTA,0.0,369272,0.0,194.5000000000001,draft,Cody Williams
2024-06-26 00:00:00,added Isaiah Collier to UTA,0.0,369272,0.0,194.5000000000001,draft,Isaiah Collier
2024-06-26 00:00:00,added Kyle Filipowski to UTA,0.0,369272,0.0,194.5000000000001,draft,Kyle Filipowski
2024-07-02 00:00:00,added Isaiah Collier to UTA,-9746.7,359526,-1.6,192.90000000000012,signing,Isaiah Collier
2024-07-02 00:00:00,added Cody Williams to UTA,-7738.0,351788,-1.4,191.5000000000001,signing,Cody Williams
2024-07-05 00:00:00,added Taevion Kinsey to UTA,0.0,351788,0.0,191.5000000000001,signing,Taevion Kinsey
2024-07-18 00:00:00,added Kris Dunn to UTA,0.0,351788,0.0,191.5000000000001,signing,Kris Dunn
2024-07-18 00:00:00,lost Kris Dunn to LAC,-1035.0,350753,-1.1,190.40000000000012,trade,Kris Dunn
2024-07-18 00:00:00,added Balsa Koprivica to UTA,0.0,350753,0.0,190.40000000000012,trade,Balsa Koprivica
2024-07-18 00:00:00,added Russell Westbrook to UTA,0.0,350753,0.0,190.40000000000012,trade,Russell Westbrook
2024-07-18 00:00:00,added future 2nd round pick to UTA,-5175.670113895678,345577,0.3180891374258933,190.71808913742603,trade,future 2nd round pick
2024-08-06 00:00:00,added Micah Potter to UTA,-2060.8,343516,-0.2,190.51808913742605,signing,Micah Potter
2024-08-10 00:00:00,added Drew Eubanks to UTA,0.0,343516,0.3,190.81808913742609,signing,Drew Eubanks
2024-08-10 00:00:00,added Sviatoslav Mykhailiuk to UTA,-2910.6,340606,-0.4,190.41808913742605,signing,Sviatoslav Mykhailiuk
2024-08-12 00:00:00,added Kyle Filipowski to UTA,-1315.8,339290,0.4,190.81808913742609,signing,Kyle Filipowski
2024-08-12 00:00:00,added Johnny Juzang to UTA,-2906.4,336383,-0.1,190.7180891374261,signing,Johnny Juzang
2024-08-12 00:00:00,added Oscar Tshiebwe to UTA,-533.0,335850,0.0,190.7180891374261,signing,Oscar Tshiebwe
2024-09-05 00:00:00,added Patty Mills to UTA,-1170.0,334680,-0.2,190.51808913742607,signing,Patty Mills
2024-11-22 00:00:00,added David Jones to UTA,0.0,334680,0.0,190.51808913742607,signing,David Jones
2025-01-01 00:00:00,added EJ Harkless to UTA,-524.4,334156,-0.1,190.41808913742608,signing,EJ Harkless
2025-02-01 00:00:00,lost Drew Eubanks to LAC,422.4,334578,-0.0,190.41808913742608,trade,Drew Eubanks
2025-02-01 00:00:00,lost Patty Mills to LAC,-128.1,334450,-0.1,190.31808913742609,trade,Patty Mills
2025-02-01 00:00:00,added Mohamed Bamba to UTA,0.0,334450,0.0,190.31808913742609,trade,Mohamed Bamba
2025-02-01 00:00:00,added P.J. Tucker to UTA,0.0,334450,0.0,190.31808913742609,trade,P.J. Tucker
2025-02-01 00:00:00,lost future 2nd round pick to LAC,5175.670113895678,339626,-0.3180891374258933,190.0000000000002,trade,future 2nd round pick
2025-02-02 00:00:00,lost future 2nd round pick to DAL,5175.670113895678,344802,-0.3180891374258933,189.6819108625743,multitrade,future 2nd round pick
2025-02-02 00:00:00,added Jalen Hood-Schifino to UTA,0.0,344802,0.0,189.6819108625743,multitrade,Jalen Hood-Schifino
2025-02-02 00:00:00,added future 2nd round pick to UTA,-5175.670113895678,339626,0.3180891374258933,190.0000000000002,multitrade,future 2nd round pick
2025-02-06 00:00:00,lost P.J. Tucker to TOR,-0.0,339626,-0.0,190.0000000000002,multitrade,P.J. Tucker
2025-02-06 00:00:00,added K.J. Martin to UTA,-2419.2,337207,-0.4,189.6000000000002,multitrade,K.J. Martin
2025-02-06 00:00:00,added Josh Richardson to UTA,0.0,337207,0.0,189.6000000000002,multitrade,Josh Richardson
2025-02-20 00:00:00,added Jaden Springer to UTA,0.0,337207,0.0,189.6000000000002,signing,Jaden Springer
2025-03-02 00:00:00,added Jaden Springer to UTA,-532.0,336675,0.0,189.6000000000002,signing,Jaden Springer
