date,Transaction,single_value_bpm,value_bpm,single_value_vorp,value_vorp,transaction_type,player_name
1968-06-04 00:00:00,added Gary Gregor to PHO,0.0,0,0.0,0.0,draft,Gary Gregor
1968-06-04 00:00:00,added Dick Cunningham to PHO,0.0,0,0.0,0.0,draft,Dick Cunningham
1968-06-04 00:00:00,added Art Beatty to PHO,0.0,0,0.0,0.0,draft,Art Beatty
1968-06-04 00:00:00,added Rich Jones to PHO,0.0,0,0.0,0.0,draft,Rich Jones
1968-06-04 00:00:00,added Harry Hollines to PHO,0.0,0,0.0,0.0,draft,Harry Hollines
1968-06-04 00:00:00,added Rod Knowles to PHO,0.0,0,0.0,0.0,draft,Rod Knowles
1968-06-04 00:00:00,added Charles Parks to PHO,0.0,0,0.0,0.0,draft,Charles Parks
1968-06-04 00:00:00,added Brian Clare to PHO,0.0,0,0.0,0.0,draft,Brian Clare
1968-06-04 00:00:00,added Merv Jackson to PHO,0.0,0,0.0,0.0,draft,Merv Jackson
1968-06-04 00:00:00,added Lee Davis to PHO,0.0,0,0.0,0.0,draft,Lee Davis
1968-06-04 00:00:00,added Ron Boone to PHO,0.0,0,0.0,0.0,draft,Ron Boone
1968-06-04 00:00:00,added Bill Davis to PHO,0.0,0,0.0,0.0,draft,Bill Davis
1968-06-04 00:00:00,added Pat Hobart to PHO,0.0,0,0.0,0.0,draft,Pat Hobart
1968-08-27 00:00:00,lost Em Bryant to BOS,-0.0,0,-0.0,0.0,trade,Em Bryant
1968-08-27 00:00:00,added Gene Williams to PHO,0.0,0,0.0,0.0,trade,Gene Williams
1968-09-11 00:00:00,lost Dennis Hamilton to ATL,-0.0,0,-0.0,0.0,trade,Dennis Hamilton
1968-09-11 00:00:00,added Lloyd Kerr to PHO,0.0,0,0.0,0.0,trade,Lloyd Kerr
1968-09-12 00:00:00,lost Dick Cunningham to MIL,-0.0,0,-0.0,0.0,trade,Dick Cunningham
1968-09-12 00:00:00,added John Arthurs to PHO,0.0,0,0.0,0.0,trade,John Arthurs
1968-10-18 00:00:00,added Ed Biedenbach to PHO,0.0,0,0.0,0.0,signing,Ed Biedenbach
1968-12-17 00:00:00,lost McCoy McLemore to DET,-0.0,0,-0.0,0.0,trade,McCoy McLemore
1968-12-17 00:00:00,added Jim Fox to PHO,0.0,0,0.0,0.0,trade,Jim Fox
1968-12-17 00:00:00,added Lamar Green to PHO,0.0,0,0.0,0.0,trade,Lamar Green
1969-01-20 00:00:00,lost George Wilson to PHI,-0.0,0,-0.0,0.0,trade,George Wilson
1969-01-20 00:00:00,added Jerry Chambers to PHO,0.0,0,0.0,0.0,trade,Jerry Chambers
1969-04-07 00:00:00,added Neal Walk to PHO,0.0,0,0.0,0.0,draft,Neal Walk
1969-04-07 00:00:00,added Gene Williams to PHO,0.0,0,0.0,0.0,draft,Gene Williams
1969-04-07 00:00:00,added Floyd Kerr to PHO,0.0,0,0.0,0.0,draft,Floyd Kerr
1969-04-07 00:00:00,added Lamar Green to PHO,0.0,0,0.0,0.0,draft,Lamar Green
1969-04-07 00:00:00,added Lloyd Kerr to PHO,0.0,0,0.0,0.0,draft,Lloyd Kerr
1969-04-07 00:00:00,added Dennis Stewart to PHO,0.0,0,0.0,0.0,draft,Dennis Stewart
1969-04-07 00:00:00,added Rich Jones to PHO,0.0,0,0.0,0.0,draft,Rich Jones
1969-04-07 00:00:00,added Dan Sadlier to PHO,0.0,0,0.0,0.0,draft,Dan Sadlier
1969-04-07 00:00:00,added Bill Sweek to PHO,0.0,0,0.0,0.0,draft,Bill Sweek
1969-04-07 00:00:00,added Bob Edwards to PHO,0.0,0,0.0,0.0,draft,Bob Edwards
1969-04-07 00:00:00,added Steve Jennings to PHO,0.0,0,0.0,0.0,draft,Steve Jennings
1969-04-07 00:00:00,added Rick Abrahamson to PHO,0.0,0,0.0,0.0,draft,Rick Abrahamson
1969-04-07 00:00:00,added Fred Lind to PHO,0.0,0,0.0,0.0,draft,Fred Lind
1969-04-07 00:00:00,added Bob Miller to PHO,0.0,0,0.0,0.0,draft,Bob Miller
1969-04-07 00:00:00,added Andy White to PHO,0.0,0,0.0,0.0,draft,Andy White
1969-04-07 00:00:00,added Marv Schmitt to PHO,0.0,0,0.0,0.0,draft,Marv Schmitt
1969-04-07 00:00:00,added Bob Beamon to PHO,0.0,0,0.0,0.0,draft,Bob Beamon
1969-04-07 00:00:00,added Wayne Huckel to PHO,0.0,0,0.0,0.0,draft,Wayne Huckel
1969-04-07 00:00:00,added Howie Dickenman to PHO,0.0,0,0.0,0.0,draft,Howie Dickenman
1969-04-07 00:00:00,added Al Nuness to PHO,0.0,0,0.0,0.0,draft,Al Nuness
1969-04-07 00:00:00,added Solomon Davis to PHO,0.0,0,0.0,0.0,draft,Solomon Davis
1969-04-07 00:00:00,added Jim Plump to PHO,0.0,0,0.0,0.0,draft,Jim Plump
1969-05-08 00:00:00,lost Gary Gregor to ATL,-0.0,0,-0.0,0.0,trade,Gary Gregor
1969-05-08 00:00:00,added Paul Silas to PHO,0.0,0,0.0,0.0,trade,Paul Silas
1969-06-20 00:00:00,added Connie Hawkins to PHO,0.0,0,0.0,0.0,signing,Connie Hawkins
1969-09-13 00:00:00,lost Bill Melchionni to PHI,-0.0,0,-0.0,0.0,trade,Bill Melchionni
1969-09-13 00:00:00,added Joe DePre to PHO,0.0,0,0.0,0.0,trade,Joe DePre
1969-09-20 00:00:00,lost Gene Tormohlen to ATL,-0.0,0,-0.0,0.0,trade,Gene Tormohlen
1969-09-20 00:00:00,added Vann Williford to PHO,0.0,0,0.0,0.0,trade,Vann Williford
1969-10-26 00:00:00,lost Dick Snyder to SEA,-0.0,0,-0.0,0.0,trade,Dick Snyder
1969-10-26 00:00:00,added Art Harris to PHO,0.0,0,0.0,0.0,trade,Art Harris
1970-03-23 00:00:00,added Greg Howard to PHO,0.0,0,0.0,0.0,draft,Greg Howard
1970-03-23 00:00:00,added Fred Taylor to PHO,0.0,0,0.0,0.0,draft,Fred Taylor
1970-03-23 00:00:00,added Joe DePre to PHO,0.0,0,0.0,0.0,draft,Joe DePre
1970-03-23 00:00:00,added Greg McDivitt to PHO,0.0,0,0.0,0.0,draft,Greg McDivitt
1970-03-23 00:00:00,added Vann Williford to PHO,0.0,0,0.0,0.0,draft,Vann Williford
1970-03-23 00:00:00,added Bob Lienhard to PHO,0.0,0,0.0,0.0,draft,Bob Lienhard
1970-03-23 00:00:00,added John Canine to PHO,0.0,0,0.0,0.0,draft,John Canine
1970-03-23 00:00:00,added Joe Thomas to PHO,0.0,0,0.0,0.0,draft,Joe Thomas
1970-03-23 00:00:00,added Heyward Dotson to PHO,0.0,0,0.0,0.0,draft,Heyward Dotson
1970-03-23 00:00:00,added Steve Patterson to PHO,0.0,0,0.0,0.0,draft,Steve Patterson
1970-03-23 00:00:00,added Carl Ashley to PHO,0.0,0,0.0,0.0,draft,Carl Ashley
1970-03-23 00:00:00,added Gerhard Schreur to PHO,0.0,0,0.0,0.0,draft,Gerhard Schreur
1970-03-23 00:00:00,added Jim Walls to PHO,0.0,0,0.0,0.0,draft,Jim Walls
1970-03-23 00:00:00,added Ric Cobb to PHO,0.0,0,0.0,0.0,draft,Ric Cobb
1970-03-23 00:00:00,added Fred Carpenter to PHO,0.0,0,0.0,0.0,draft,Fred Carpenter
1970-03-23 00:00:00,added Chad Calabria to PHO,0.0,0,0.0,0.0,draft,Chad Calabria
1970-03-23 00:00:00,added Walt Williams to PHO,0.0,0,0.0,0.0,draft,Walt Williams
1970-04-23 00:00:00,lost Jim Fox to CHI,-0.0,0,-0.0,0.0,trade,Jim Fox
1970-04-23 00:00:00,lost Howard Porter to CHI,-0.0,0,-0.0,0.0,trade,Howard Porter
1970-04-23 00:00:00,added Clem Haskins to PHO,0.0,0,0.0,0.0,trade,Clem Haskins
1970-05-20 00:00:00,lost Gail Goodrich to LAL,-0.0,0,-0.0,0.0,trade,Gail Goodrich
1970-05-20 00:00:00,added Mel Counts to PHO,0.0,0,0.0,0.0,trade,Mel Counts
1970-07-08 00:00:00,lost Heyward Dotson to NYK,-0.0,0,-0.0,0.0,trade,Heyward Dotson
1970-07-08 00:00:00,added Bob Kissane to PHO,0.0,0,0.0,0.0,trade,Bob Kissane
1971-03-29 00:00:00,added John Roche to PHO,0.0,0,0.0,0.0,draft,John Roche
1971-03-29 00:00:00,added Mo Layton to PHO,0.0,0,0.0,0.0,draft,Mo Layton
1971-03-29 00:00:00,added Walt Szerbiak to PHO,0.0,0,0.0,0.0,draft,Walt Szerbiak
1971-03-29 00:00:00,added Ken Gardner to PHO,0.0,0,0.0,0.0,draft,Ken Gardner
1971-03-29 00:00:00,added Bob Kissane to PHO,0.0,0,0.0,0.0,draft,Bob Kissane
1971-03-29 00:00:00,added William Graham to PHO,0.0,0,0.0,0.0,draft,William Graham
1971-03-29 00:00:00,added Ralph Brateris to PHO,0.0,0,0.0,0.0,draft,Ralph Brateris
1971-03-29 00:00:00,added Vernell Ellzy to PHO,0.0,0,0.0,0.0,draft,Vernell Ellzy
1971-03-29 00:00:00,added Mike Johnson to PHO,0.0,0,0.0,0.0,draft,Mike Johnson
1971-03-29 00:00:00,added Tom Newell to PHO,0.0,0,0.0,0.0,draft,Tom Newell
1971-03-29 00:00:00,added Paul Litz to PHO,0.0,0,0.0,0.0,draft,Paul Litz
1971-03-29 00:00:00,added Floyd Mason to PHO,0.0,0,0.0,0.0,draft,Floyd Mason
1971-03-29 00:00:00,added Ron Dorsey to PHO,0.0,0,0.0,0.0,draft,Ron Dorsey
1971-03-29 00:00:00,added Ken Booker to PHO,0.0,0,0.0,0.0,draft,Ken Booker
1971-03-29 00:00:00,added Curtis Carter to PHO,0.0,0,0.0,0.0,draft,Curtis Carter
1971-04-02 00:00:00,lost Bob Nash to DET,1320.7,1320,0.2,0.2,trade,Bob Nash
1971-04-02 00:00:00,added Otto Moore to PHO,0.0,1320,0.0,0.2,trade,Otto Moore
1971-08-13 00:00:00,lost Greg Howard to CLE,-0.0,1320,-0.0,0.2,trade,Greg Howard
1971-08-13 00:00:00,added Scott English to PHO,0.0,1320,0.0,0.2,trade,Scott English
1971-12-27 00:00:00,lost Fred Taylor to CIN,-0.0,1320,-0.0,0.2,trade,Fred Taylor
1971-12-27 00:00:00,added Joe Reaves to PHO,0.0,1320,0.0,0.2,trade,Joe Reaves
1972-01-04 00:00:00,added Jeff Webb to PHO,0.0,1320,0.0,0.2,signing,Jeff Webb
1972-03-14 00:00:00,lost Paul Silas to BOS,-0.0,1320,-0.0,0.2,trade,Paul Silas
1972-03-14 00:00:00,added Charlie Scott to PHO,0.0,1320,0.0,0.2,trade,Charlie Scott
1972-04-07 00:00:00,lost Otto Moore to HOU,-0.0,1320,-0.0,0.2,trade,Otto Moore
1972-04-07 00:00:00,added Corky Calhoun to PHO,0.0,1320,0.0,0.2,trade,Corky Calhoun
1972-04-10 00:00:00,lost Tom Patterson to BAL,-0.0,1320,-0.0,0.2,trade,Tom Patterson
1972-04-10 00:00:00,added Gus Johnson to PHO,0.0,1320,0.0,0.2,trade,Gus Johnson
1972-04-10 00:00:00,added Corky Calhoun to PHO,-4716.4,-3395,0.0,0.2,draft,Corky Calhoun
1972-04-10 00:00:00,added Scott English to PHO,0.0,-3395,0.0,0.2,draft,Scott English
1972-04-10 00:00:00,added Don Buse to PHO,0.0,-3395,0.0,0.2,draft,Don Buse
1972-04-10 00:00:00,added Claude Terry to PHO,0.0,-3395,0.0,0.2,draft,Claude Terry
1972-04-10 00:00:00,added Matt Gantt to PHO,0.0,-3395,0.0,0.2,draft,Matt Gantt
1972-04-10 00:00:00,added Wardell Dyson to PHO,0.0,-3395,0.0,0.2,draft,Wardell Dyson
1972-04-10 00:00:00,added Charles Edge to PHO,0.0,-3395,0.0,0.2,draft,Charles Edge
1972-04-10 00:00:00,added Bernie Fryer to PHO,0.0,-3395,0.0,0.2,draft,Bernie Fryer
1972-04-10 00:00:00,added Russell Golden to PHO,0.0,-3395,0.0,0.2,draft,Russell Golden
1972-04-10 00:00:00,added Bill Kennedy to PHO,0.0,-3395,0.0,0.2,draft,Bill Kennedy
1972-04-10 00:00:00,added Al Vilcheck to PHO,0.0,-3395,0.0,0.2,draft,Al Vilcheck
1972-04-10 00:00:00,added John Belcher to PHO,0.0,-3395,0.0,0.2,draft,John Belcher
1972-04-10 00:00:00,added Mark Soderberg to PHO,0.0,-3395,0.0,0.2,draft,Mark Soderberg
1972-04-10 00:00:00,added Kelly Utley to PHO,0.0,-3395,0.0,0.2,draft,Kelly Utley
1972-04-10 00:00:00,added Ray Golson to PHO,0.0,-3395,0.0,0.2,draft,Ray Golson
1972-09-19 00:00:00,lost Truck Robinson to LAL,-0.0,-3395,-0.0,0.2,trade,Truck Robinson
1972-09-19 00:00:00,added Paul Stovall to PHO,0.0,-3395,0.0,0.2,trade,Paul Stovall
1972-10-10 00:00:00,lost Mel Counts to PHI,-0.0,-3395,-0.0,0.2,trade,Mel Counts
1972-10-10 00:00:00,added Gary Melchionni to PHO,0.0,-3395,0.0,0.2,trade,Gary Melchionni
1972-11-22 00:00:00,lost Allan Hornyak to CLE,-0.0,-3395,-0.0,0.2,trade,Allan Hornyak
1972-11-22 00:00:00,added Walt Wesley to PHO,0.0,-3395,0.0,0.2,trade,Walt Wesley
1973-04-24 00:00:00,added Mike Bantom to PHO,-8786.100000000002,-12181,-2.775557561562892e-17,0.1999999999999999,draft,Mike Bantom
1973-04-24 00:00:00,added Gary Melchionni to PHO,-3544.5,-15726,0.5,0.7,draft,Gary Melchionni
1973-04-24 00:00:00,added Joe Reaves to PHO,-163.4,-15889,0.0,0.7,draft,Joe Reaves
1973-04-24 00:00:00,added Steve Mitchell to PHO,0.0,-15889,0.0,0.7,draft,Steve Mitchell
1973-04-24 00:00:00,added Ron Robinson to PHO,0.0,-15889,0.0,0.7,draft,Ron Robinson
1973-04-24 00:00:00,added Clinton Harris to PHO,0.0,-15889,0.0,0.7,draft,Clinton Harris
1973-04-24 00:00:00,added Gene Doyle to PHO,0.0,-15889,0.0,0.7,draft,Gene Doyle
1973-04-24 00:00:00,added Jerry Bisbano to PHO,0.0,-15889,0.0,0.7,draft,Jerry Bisbano
1973-04-24 00:00:00,added Jim Owens to PHO,-1397.0,-17286,0.0,0.7,draft,Jim Owens
1973-04-24 00:00:00,added Sandy Smith to PHO,0.0,-17286,0.0,0.7,draft,Sandy Smith
1973-04-24 00:00:00,added Claude White to PHO,0.0,-17286,0.0,0.7,draft,Claude White
1973-04-24 00:00:00,added Lynn Greer to PHO,0.0,-17286,0.0,0.7,draft,Lynn Greer
1973-04-24 00:00:00,added Laymon Williamson to PHO,0.0,-17286,0.0,0.7,draft,Laymon Williamson
1973-04-24 00:00:00,added Kalevi Sarkalahti to PHO,0.0,-17286,0.0,0.7,draft,Kalevi Sarkalahti
1973-10-08 00:00:00,lost Bob Carrington to ATL,-0.0,-17286,-0.0,0.7,trade,Bob Carrington
1973-10-08 00:00:00,lost Eddie Johnson to ATL,-10469.7,-27756,-12.3,-11.6,trade,Eddie Johnson
1973-10-08 00:00:00,added Bob Christian to PHO,0.0,-27756,0.0,-11.6,trade,Bob Christian
1973-10-09 00:00:00,lost Walt Wesley to CAP,-0.0,-27756,-0.0,-11.6,trade,Walt Wesley
1973-10-09 00:00:00,added Earl Williams to PHO,0.0,-27756,0.0,-11.6,trade,Earl Williams
1973-10-09 00:00:00,added Bayard Forrest to PHO,0.0,-27756,0.0,-11.6,trade,Bayard Forrest
1973-10-30 00:00:00,lost Connie Hawkins to LAL,-0.0,-27756,-0.0,-11.6,trade,Connie Hawkins
1973-10-30 00:00:00,added Keith Erickson to PHO,0.0,-27756,0.0,-11.6,trade,Keith Erickson
1973-10-30 00:00:00,added Fred Saunders to PHO,0.0,-27756,0.0,-11.6,trade,Fred Saunders
1974-01-24 00:00:00,lost Otis Johnson to GSW,-0.0,-27756,-0.0,-11.6,trade,Otis Johnson
1974-01-24 00:00:00,added Bill Chamberlain to PHO,-513.8,-28270,0.1,-11.500000000000002,trade,Bill Chamberlain
1974-05-28 00:00:00,added John Shumate to PHO,2139.0,-26131,1.0,-10.500000000000002,draft,John Shumate
1974-05-28 00:00:00,added Fred Saunders to PHO,-2446.4,-28577,0.0,-10.500000000000002,draft,Fred Saunders
1974-05-28 00:00:00,added George Gervin to PHO,0.0,-28577,0.0,-10.500000000000002,draft,George Gervin
1974-05-28 00:00:00,added Earl Williams to PHO,-1664.0,-30241,0.1,-10.400000000000002,draft,Earl Williams
1974-05-28 00:00:00,added Randy Allen to PHO,0.0,-30241,0.0,-10.400000000000002,draft,Randy Allen
1974-05-28 00:00:00,added Ralph Bobik to PHO,0.0,-30241,0.0,-10.400000000000002,draft,Ralph Bobik
1974-05-28 00:00:00,added Collis Temple to PHO,0.0,-30241,0.0,-10.400000000000002,draft,Collis Temple
1974-05-28 00:00:00,added Clyde Dickey to PHO,0.0,-30241,0.0,-10.400000000000002,draft,Clyde Dickey
1974-05-28 00:00:00,added Tom Holland to PHO,0.0,-30241,0.0,-10.400000000000002,draft,Tom Holland
1974-05-28 00:00:00,added Ted Evans to PHO,0.0,-30241,0.0,-10.400000000000002,draft,Ted Evans
1974-05-28 00:00:00,added Mark Wasley to PHO,0.0,-30241,0.0,-10.400000000000002,draft,Mark Wasley
1974-09-06 00:00:00,lost Clem Haskins to WSB,-0.0,-30241,-0.0,-10.400000000000002,trade,Clem Haskins
1974-09-06 00:00:00,added Dave Stallworth to PHO,0.0,-30241,0.0,-10.400000000000002,trade,Dave Stallworth
1974-09-06 00:00:00,added Allen Murphy to PHO,0.0,-30241,0.0,-10.400000000000002,trade,Allen Murphy
1974-09-16 00:00:00,lost Neal Walk to NOJ,-0.0,-30241,-0.0,-10.400000000000002,trade,Neal Walk
1974-09-16 00:00:00,lost Clyde Mayes to NOJ,-0.0,-30241,-0.0,-10.400000000000002,trade,Clyde Mayes
1974-09-16 00:00:00,added Dennis Awtrey to PHO,0.0,-30241,0.0,-10.400000000000002,trade,Dennis Awtrey
1974-09-16 00:00:00,added Nate Hawthorne to PHO,-5935.6,-36177,-0.6,-11.000000000000002,trade,Nate Hawthorne
1974-09-16 00:00:00,added Curtis Perry to PHO,0.0,-36177,0.0,-11.000000000000002,trade,Curtis Perry
1974-09-16 00:00:00,added Adrian Dantley to PHO,0.0,-36177,0.0,-11.000000000000002,trade,Adrian Dantley
1974-11-27 00:00:00,lost Corky Calhoun to LAL,6461.6,-29715,-0.0,-11.000000000000002,trade,Corky Calhoun
1974-11-27 00:00:00,added Jacky Dorsey to PHO,0.0,-29715,0.0,-11.000000000000002,trade,Jacky Dorsey
1974-11-27 00:00:00,added Mike Bratz to PHO,0.0,-29715,0.0,-11.000000000000002,trade,Mike Bratz
1975-01-02 00:00:00,added Greg Jackson to PHO,-3564.9999999999995,-33280,-0.5,-11.500000000000002,signing,Greg Jackson
1975-05-23 00:00:00,lost Charlie Scott to BOS,-0.0,-33280,-0.0,-11.500000000000002,trade,Charlie Scott
1975-05-23 00:00:00,added Paul Westphal to PHO,50623.4,17342,20.0,8.499999999999998,trade,Paul Westphal
1975-05-23 00:00:00,added Jimmy Dan Conner to PHO,0.0,17342,0.0,8.499999999999998,trade,Jimmy Dan Conner
1975-05-23 00:00:00,added Butch Feher to PHO,0.0,17342,0.0,8.499999999999998,trade,Butch Feher
1975-05-29 00:00:00,lost Adrian Dantley to BUF,-4505.6,12837,-2.5,5.999999999999998,trade,Adrian Dantley
1975-05-29 00:00:00,added Ricky Sobers to PHO,0.0,12837,0.0,5.999999999999998,trade,Ricky Sobers
1975-05-29 00:00:00,added Alvan Adams to PHO,75934.5,88771,32.9,38.9,draft,Alvan Adams
1975-05-29 00:00:00,added Ricky Sobers to PHO,-2034.3,86737,1.5,40.4,draft,Ricky Sobers
1975-05-29 00:00:00,added Allen Murphy to PHO,0.0,86737,0.0,40.4,draft,Allen Murphy
1975-05-29 00:00:00,added Jimmy Dan Conner to PHO,0.0,86737,0.0,40.4,draft,Jimmy Dan Conner
1975-05-29 00:00:00,added Bayard Forrest to PHO,0.0,86737,0.0,40.4,draft,Bayard Forrest
1975-05-29 00:00:00,added Sam McCants to PHO,0.0,86737,0.0,40.4,draft,Sam McCants
1975-05-29 00:00:00,added Joe Pace to PHO,0.0,86737,0.0,40.4,draft,Joe Pace
1975-05-29 00:00:00,added Biff Burrell to PHO,0.0,86737,0.0,40.4,draft,Biff Burrell
1975-05-29 00:00:00,added Dave Edmonds to PHO,0.0,86737,0.0,40.4,draft,Dave Edmonds
1975-05-29 00:00:00,added Jack Schrader to PHO,0.0,86737,0.0,40.4,draft,Jack Schrader
1975-05-29 00:00:00,added Owen Brown to PHO,0.0,86737,0.0,40.4,draft,Owen Brown
1975-05-29 00:00:00,added Mike Moon to PHO,0.0,86737,0.0,40.4,draft,Mike Moon
1975-06-09 00:00:00,lost Jacky Dorsey to POR,153.0,86890,-0.0,40.4,trade,Jacky Dorsey
1975-06-09 00:00:00,added Phil Lumpkin to PHO,-1184.0,85706,-0.1,40.3,trade,Phil Lumpkin
1975-09-17 00:00:00,lost Greg Jackson to WSB,-0.0,85706,-0.0,40.3,trade,Greg Jackson
1975-09-30 00:00:00,lost Earl Williams to DET,393.4,86099,-0.2,40.1,trade,Earl Williams
1975-09-30 00:00:00,added Earl Tatum to PHO,0.0,86099,0.0,40.1,trade,Earl Tatum
1975-11-03 00:00:00,lost John Roche to LAL,-0.0,86099,-0.0,40.1,trade,John Roche
1975-11-03 00:00:00,lost Earl Tatum to LAL,-882.0,85217,-1.2000000000000002,38.89999999999999,trade,Earl Tatum
1975-11-03 00:00:00,added Pat Riley to PHO,0.0,85217,0.0,38.89999999999999,trade,Pat Riley
1975-11-22 00:00:00,lost Mike Bantom to SEA,2776.2,87993,-0.4,38.49999999999999,acquisition,Mike Bantom
1976-01-20 00:00:00,lost John Roche to LAL,-0.0,87993,-0.0,38.49999999999999,trade,John Roche
1976-02-01 00:00:00,lost John Shumate to BUF,-4765.4,83228,-3.3,35.2,trade,John Shumate
1976-02-01 00:00:00,added Gar Heard to PHO,0.0,83228,0.0,35.2,trade,Gar Heard
1976-02-01 00:00:00,added Al Fleming to PHO,0.0,83228,0.0,35.2,trade,Al Fleming
1976-06-08 00:00:00,added Ron Lee to PHO,1046.8000000000002,84275,2.6000000000000005,37.8,draft,Ron Lee
1976-06-08 00:00:00,added Al Fleming to PHO,0.0,84275,0.0,37.8,draft,Al Fleming
1976-06-08 00:00:00,added Butch Feher to PHO,292.2,84567,0.3,38.1,draft,Butch Feher
1976-06-08 00:00:00,added Ira Terrell to PHO,-875.5,83692,0.7,38.8,draft,Ira Terrell
1976-06-08 00:00:00,added Paul Miller to PHO,0.0,83692,0.0,38.8,draft,Paul Miller
1976-06-08 00:00:00,added Ralph Walker to PHO,0.0,83692,0.0,38.8,draft,Ralph Walker
1976-06-08 00:00:00,added Carl Brown to PHO,0.0,83692,0.0,38.8,draft,Carl Brown
1976-06-08 00:00:00,added Brad Warble to PHO,0.0,83692,0.0,38.8,draft,Brad Warble
1976-06-08 00:00:00,added Tom DeBerry to PHO,0.0,83692,0.0,38.8,draft,Tom DeBerry
1976-06-08 00:00:00,added John Irving to PHO,0.0,83692,0.0,38.8,draft,John Irving
1976-06-08 00:00:00,added Gary Jackson to PHO,0.0,83692,0.0,38.8,draft,Gary Jackson
1976-08-25 00:00:00,lost Glen Williams to BUF,-0.0,83692,-0.0,38.8,trade,Glen Williams
1976-08-25 00:00:00,added Tom Van Arsdale to PHO,0.0,83692,0.0,38.8,trade,Tom Van Arsdale
1976-09-23 00:00:00,added Marv Roberts to PHO,0.0,83692,0.0,38.8,signing,Marv Roberts
1976-12-08 00:00:00,added Dale Schlueter to PHO,0.0,83692,0.0,38.8,signing,Dale Schlueter
1977-03-18 00:00:00,lost Paul Mokeski to SEA,-0.0,83692,-0.0,38.8,trade,Paul Mokeski
1977-03-18 00:00:00,added Bayard Forrest to PHO,-1456.0000000000002,82236,0.7,39.5,trade,Bayard Forrest
1977-06-10 00:00:00,added Walter Davis to PHO,44693.1,126929,22.9,62.4,draft,Walter Davis
1977-06-10 00:00:00,added Mike Bratz to PHO,-10817.3,116111,-0.8,61.6,draft,Mike Bratz
1977-06-10 00:00:00,added Greg Griffin to PHO,-2743.0,113368,-0.5,61.1,draft,Greg Griffin
1977-06-10 00:00:00,added Cecil Rellford to PHO,0.0,113368,0.0,61.1,draft,Cecil Rellford
1977-06-10 00:00:00,added Billy McKinney to PHO,0.0,113368,0.0,61.1,draft,Billy McKinney
1977-06-10 00:00:00,added Alvin Scott to PHO,1701.6999999999994,115070,6.1,67.2,draft,Alvin Scott
1977-06-10 00:00:00,added Alvin Joseph to PHO,0.0,115070,0.0,67.2,draft,Alvin Joseph
1977-07-15 00:00:00,lost Dale Schlueter to POR,-0.0,115070,-0.0,67.2,trade,Dale Schlueter
1977-07-15 00:00:00,added Wayne Smith to PHO,0.0,115070,0.0,67.2,trade,Wayne Smith
1977-09-06 00:00:00,lost Ricky Sobers to IND,2883.2,117953,-2.3,64.9,trade,Ricky Sobers
1977-09-06 00:00:00,added Don Buse to PHO,5082.0,123035,5.1,70.0,trade,Don Buse
1978-06-09 00:00:00,added Marty Byrnes to PHO,-2936.0,120099,-0.4,69.6,draft,Marty Byrnes
1978-06-09 00:00:00,added Joel Kramer to PHO,-5356.1,114743,0.7,70.3,draft,Joel Kramer
1978-06-09 00:00:00,added Bob Miller to PHO,0.0,114743,0.0,70.3,draft,Bob Miller
1978-06-09 00:00:00,added Wayne Smith to PHO,0.0,114743,0.0,70.3,draft,Wayne Smith
1978-06-09 00:00:00,added Andre Wakefield to PHO,0.0,114743,0.0,70.3,draft,Andre Wakefield
1978-06-09 00:00:00,added Charles Thompson to PHO,0.0,114743,0.0,70.3,draft,Charles Thompson
1978-06-09 00:00:00,added Steve Malovic to PHO,0.0,114743,0.0,70.3,draft,Steve Malovic
1978-06-09 00:00:00,added George Fowler to PHO,0.0,114743,0.0,70.3,draft,George Fowler
1978-06-09 00:00:00,added Nate Stokes to PHO,0.0,114743,0.0,70.3,draft,Nate Stokes
1978-06-09 00:00:00,added Lewis Cohen to PHO,0.0,114743,0.0,70.3,draft,Lewis Cohen
1978-10-11 00:00:00,lost Dennis Awtrey to BOS,-0.0,114743,-0.0,70.3,trade,Dennis Awtrey
1978-10-11 00:00:00,added Johnny High to PHO,0.0,114743,0.0,70.3,trade,Johnny High
1979-01-12 00:00:00,lost Marty Byrnes to NOJ,1431.0,116174,0.1,70.39999999999999,trade,Marty Byrnes
1979-01-12 00:00:00,lost Ron Lee to NOJ,1114.4,117289,0.1,70.49999999999999,trade,Ron Lee
1979-01-12 00:00:00,lost Larry Knight to NOJ,-0.0,117289,-0.0,70.49999999999999,trade,Larry Knight
1979-01-12 00:00:00,lost John Duren to NOJ,-0.0,117289,-0.0,70.49999999999999,trade,John Duren
1979-01-12 00:00:00,added Truck Robinson to PHO,-11061.6,106227,1.9,72.39999999999999,trade,Truck Robinson
1979-01-16 00:00:00,added Ted McClain to PHO,0.0,106227,0.0,72.39999999999999,signing,Ted McClain
1979-05-22 00:00:00,added Jeff Cook to PHO,-7730.1,98497,0.7999999999999998,73.19999999999999,signing,Jeff Cook
1979-06-22 00:00:00,lost Steve Malovic to WSB,26.4,98523,-0.0,73.19999999999999,trade,Steve Malovic
1979-06-22 00:00:00,added Kyle Macy to PHO,0.0,98523,0.0,73.19999999999999,trade,Kyle Macy
1979-06-22 00:00:00,added John Campbell to PHO,0.0,98523,0.0,73.19999999999999,trade,John Campbell
1979-06-25 00:00:00,added Kyle Macy to PHO,11199.2,109722,8.2,81.39999999999999,draft,Kyle Macy
1979-06-25 00:00:00,added Johnny High to PHO,-7147.9,102575,0.5,81.89999999999999,draft,Johnny High
1979-06-25 00:00:00,added Al Green to PHO,0.0,102575,0.0,81.89999999999999,draft,Al Green
1979-06-25 00:00:00,added Malcolm Cesare to PHO,0.0,102575,0.0,81.89999999999999,draft,Malcolm Cesare
1979-06-25 00:00:00,added Mark Eaton to PHO,0.0,102575,0.0,81.89999999999999,draft,Mark Eaton
1979-06-25 00:00:00,added Dale Shackleford to PHO,0.0,102575,0.0,81.89999999999999,draft,Dale Shackleford
1979-06-25 00:00:00,added Ollie Matson to PHO,0.0,102575,0.0,81.89999999999999,draft,Ollie Matson
1979-06-25 00:00:00,added Charles Jones to PHO,0.0,102575,0.0,81.89999999999999,draft,Charles Jones
1979-06-25 00:00:00,added Hosea Champine to PHO,0.0,102575,0.0,81.89999999999999,draft,Hosea Champine
1979-06-25 00:00:00,added Korky Nelson to PHO,0.0,102575,0.0,81.89999999999999,draft,Korky Nelson
1979-08-24 00:00:00,lost Don Koonce to DET,-0.0,102575,-0.0,81.89999999999999,trade,Don Koonce
1979-08-24 00:00:00,added Andre Wakefield to PHO,0.0,102575,0.0,81.89999999999999,trade,Andre Wakefield
1980-02-15 00:00:00,lost Brook Steppe to NJN,-0.0,102575,-0.0,81.89999999999999,trade,Brook Steppe
1980-02-15 00:00:00,lost Pace Mannion to NJN,511.2,103086,-0.0,81.89999999999999,trade,Pace Mannion
1980-02-15 00:00:00,added Rich Kelley to PHO,4016.2,107102,3.2,85.1,trade,Rich Kelley
1980-06-04 00:00:00,lost Paul Westphal to SEA,-862.4000000000001,106240,-0.7,84.39999999999999,trade,Paul Westphal
1980-06-04 00:00:00,added Dennis Johnson to PHO,10821.0,117061,6.9,91.3,trade,Dennis Johnson
1980-06-09 00:00:00,lost Elston Turner to DAL,7596.599999999999,124657,0.3,91.6,trade,Elston Turner
1980-06-09 00:00:00,added Wiley Peck to PHO,0.0,124657,0.0,91.6,trade,Wiley Peck
1980-06-10 00:00:00,added Kimberly Belton to PHO,0.0,124657,0.0,91.6,draft,Kimberly Belton
1980-06-10 00:00:00,added John Campbell to PHO,0.0,124657,0.0,91.6,draft,John Campbell
1980-06-10 00:00:00,added Doug True to PHO,0.0,124657,0.0,91.6,draft,Doug True
1980-06-10 00:00:00,added Leroy Stampley to PHO,0.0,124657,0.0,91.6,draft,Leroy Stampley
1980-06-10 00:00:00,added Mark Stevens to PHO,0.0,124657,0.0,91.6,draft,Mark Stevens
1980-06-10 00:00:00,added Coby Leavitt to PHO,0.0,124657,0.0,91.6,draft,Coby Leavitt
1980-06-10 00:00:00,added Ron Williams to PHO,0.0,124657,0.0,91.6,draft,Ron Williams
1980-06-10 00:00:00,added Jim Connolly to PHO,0.0,124657,0.0,91.6,draft,Jim Connolly
1980-06-10 00:00:00,added Keith French to PHO,0.0,124657,0.0,91.6,draft,Keith French
1980-06-10 00:00:00,added Randy Carroll to PHO,0.0,124657,0.0,91.6,draft,Randy Carroll
1980-06-25 00:00:00,added John McCullough to PHO,0.0,124657,0.0,91.6,signing,John McCullough
1980-06-25 00:00:00,added Mike Niles to PHO,-2032.8,122624,-0.5,91.1,signing,Mike Niles
1980-11-25 00:00:00,lost Don Buse to IND,-7122.900000000001,115501,-3.6,87.5,trade,Don Buse
1980-11-25 00:00:00,added Al Leslie to PHO,0.0,115501,0.0,87.5,trade,Al Leslie
1980-11-25 00:00:00,added Jose Slaughter to PHO,0.0,115501,0.0,87.5,trade,Jose Slaughter
1981-04-28 00:00:00,added John McCullough to PHO,0.0,115501,0.0,87.5,signing,John McCullough
1981-06-08 00:00:00,lost Al Leslie to IND,-0.0,115501,-0.0,87.5,trade,Al Leslie
1981-06-08 00:00:00,lost Jose Slaughter to IND,2163.0,117664,0.3,87.8,trade,Jose Slaughter
1981-06-08 00:00:00,added Dudley Bradley to PHO,-1030.7,116634,0.2,88.0,trade,Dudley Bradley
1981-06-09 00:00:00,added Larry Nance to PHO,55453.4,172087,21.9,109.9,draft,Larry Nance
1981-06-09 00:00:00,added Sam Clancy to PHO,0.0,172087,0.0,109.9,draft,Sam Clancy
1981-06-09 00:00:00,added Craig Dykema to PHO,-350.2,171737,0.0,109.9,draft,Craig Dykema
1981-06-09 00:00:00,added Paul Heuerman to PHO,0.0,171737,0.0,109.9,draft,Paul Heuerman
1981-06-09 00:00:00,added Pete Harris to PHO,0.0,171737,0.0,109.9,draft,Pete Harris
1981-06-09 00:00:00,added David Williams to PHO,0.0,171737,0.0,109.9,draft,David Williams
1981-06-09 00:00:00,added Steve Risley to PHO,0.0,171737,0.0,109.9,draft,Steve Risley
1981-06-09 00:00:00,added Brian Johnson to PHO,0.0,171737,0.0,109.9,draft,Brian Johnson
1981-06-09 00:00:00,added Felton Sealey to PHO,0.0,171737,0.0,109.9,draft,Felton Sealey
1981-09-30 00:00:00,lost Johnny High to CHI,-0.0,171737,-0.0,109.9,trade,Johnny High
1981-09-30 00:00:00,added Winfred King to PHO,0.0,171737,0.0,109.9,trade,Winfred King
1981-10-26 00:00:00,added John McCullough to PHO,-55.2,171682,0.1,110.0,signing,John McCullough
1982-06-21 00:00:00,lost Rich Kelley to DEN,1638.5,173320,0.1,110.1,trade,Rich Kelley
1982-06-21 00:00:00,added David Thirdkill to PHO,0.0,173320,0.0,110.1,trade,David Thirdkill
1982-06-29 00:00:00,added David Thirdkill to PHO,-2865.5,170455,-0.5,109.6,draft,David Thirdkill
1982-06-29 00:00:00,added Kevin Magee to PHO,0.0,170455,0.0,109.6,draft,Kevin Magee
1982-06-29 00:00:00,added Charles Pittman to PHO,0.0,170455,0.0,109.6,draft,Charles Pittman
1982-06-29 00:00:00,added Rory White to PHO,-1304.6,169150,0.2,109.8,draft,Rory White
1982-06-29 00:00:00,added Marvin McCrary to PHO,0.0,169150,0.0,109.8,draft,Marvin McCrary
1982-06-29 00:00:00,added Jake Bethany to PHO,0.0,169150,0.0,109.8,draft,Jake Bethany
1982-06-29 00:00:00,added Phil Ward to PHO,0.0,169150,0.0,109.8,draft,Phil Ward
1982-06-29 00:00:00,added Rick Elrod to PHO,0.0,169150,0.0,109.8,draft,Rick Elrod
1982-06-29 00:00:00,added Ken Lyles to PHO,0.0,169150,0.0,109.8,draft,Ken Lyles
1982-06-29 00:00:00,added Dale Wilkinson to PHO,0.0,169150,0.0,109.8,draft,Dale Wilkinson
1982-07-07 00:00:00,lost Truck Robinson to NYK,9330.9,178481,-0.0,109.8,trade,Truck Robinson
1982-07-07 00:00:00,added Maurice Lucas to PHO,-2229.4,176252,2.7,112.5,trade,Maurice Lucas
1983-02-07 00:00:00,added Charles Pittman to PHO,-9248.7,167003,-0.6,111.9,signing,Charles Pittman
1983-02-07 00:00:00,lost Jeff Cook to CLE,2855.0,169858,-0.9,111.0,trade,Jeff Cook
1983-02-07 00:00:00,lost Roy Hinson to CLE,3041.4000000000005,172899,-2.7,108.3,trade,Roy Hinson
1983-02-07 00:00:00,lost Derrick Hord to CLE,-0.0,172899,-0.0,108.3,trade,Derrick Hord
1983-02-07 00:00:00,added James Edwards to PHO,-9632.2,163267,1.1,109.4,trade,James Edwards
1983-02-07 00:00:00,added Greg Kite to PHO,0.0,163267,0.0,109.4,trade,Greg Kite
1983-06-27 00:00:00,lost Dennis Johnson to BOS,2917.0,166184,-8.7,100.7,trade,Dennis Johnson
1983-06-27 00:00:00,lost Greg Kite to BOS,11487.0,177671,2.0,102.7,trade,Greg Kite
1983-06-27 00:00:00,lost Winfred King to BOS,-0.0,177671,-0.0,102.7,trade,Winfred King
1983-06-27 00:00:00,added Rick Robey to PHO,-6197.9,171473,-0.7999999999999999,101.9,trade,Rick Robey
1983-06-27 00:00:00,added Rod Foster to PHO,0.0,171473,0.0,101.9,trade,Rod Foster
1983-06-27 00:00:00,added Paul Williams to PHO,0.0,171473,0.0,101.9,trade,Paul Williams
1983-06-28 00:00:00,added Rod Foster to PHO,-11199.2,160274,-1.1,100.8,draft,Rod Foster
1983-06-28 00:00:00,added Paul Williams to PHO,0.0,160274,0.0,100.8,draft,Paul Williams
1983-06-28 00:00:00,added Dereck Whittenburg to PHO,0.0,160274,0.0,100.8,draft,Dereck Whittenburg
1983-06-28 00:00:00,added Sam Mosley to PHO,0.0,160274,0.0,100.8,draft,Sam Mosley
1983-06-28 00:00:00,added Rick Lamb to PHO,0.0,160274,0.0,100.8,draft,Rick Lamb
1983-06-28 00:00:00,added Edward Bona to PHO,0.0,160274,0.0,100.8,draft,Edward Bona
1983-06-28 00:00:00,added Fred Brown to PHO,0.0,160274,0.0,100.8,draft,Fred Brown
1983-06-28 00:00:00,added Mike Mulquin to PHO,0.0,160274,0.0,100.8,draft,Mike Mulquin
1983-06-28 00:00:00,added Joe Dykstra to PHO,0.0,160274,0.0,100.8,draft,Joe Dykstra
1983-06-28 00:00:00,added Bo Overton to PHO,0.0,160274,0.0,100.8,draft,Bo Overton
1983-09-27 00:00:00,added Paul Westphal to PHO,-778.5,159496,0.2,101.0,signing,Paul Westphal
1983-10-17 00:00:00,lost David Thirdkill to DET,2126.0,161622,0.3,101.3,trade,David Thirdkill
1983-10-17 00:00:00,added Jeff Hornacek to PHO,0.0,161622,0.0,101.3,trade,Jeff Hornacek
1983-10-17 00:00:00,added Bruce Dalrymple to PHO,0.0,161622,0.0,101.3,trade,Bruce Dalrymple
1983-12-19 00:00:00,added Mike Sanders to PHO,-6131.0,155491,0.9,102.2,signing,Mike Sanders
1984-01-11 00:00:00,added Johnny High to PHO,-1024.0,154467,0.0,102.2,signing,Johnny High
1984-06-19 00:00:00,added Jay Humphries to PHO,-7872.099999999999,146594,2.4000000000000004,104.6,draft,Jay Humphries
1984-06-19 00:00:00,added Charles Jones to PHO,-1203.4,145391,0.8999999999999999,105.5,draft,Charles Jones
1984-06-19 00:00:00,added Murray Jarman to PHO,0.0,145391,0.0,105.5,draft,Murray Jarman
1984-06-19 00:00:00,added Jeff Collins to PHO,0.0,145391,0.0,105.5,draft,Jeff Collins
1984-06-19 00:00:00,added Bill Flye to PHO,0.0,145391,0.0,105.5,draft,Bill Flye
1984-06-19 00:00:00,added Herman Veal to PHO,0.0,145391,0.0,105.5,draft,Herman Veal
1984-06-19 00:00:00,added Raymond Crenshaw to PHO,0.0,145391,0.0,105.5,draft,Raymond Crenshaw
1984-06-19 00:00:00,added Mark Fothergill to PHO,0.0,145391,0.0,105.5,draft,Mark Fothergill
1984-06-19 00:00:00,added Buddy Cox to PHO,0.0,145391,0.0,105.5,draft,Buddy Cox
1984-06-19 00:00:00,added Ezra Hill to PHO,0.0,145391,0.0,105.5,draft,Ezra Hill
1984-09-24 00:00:00,added Mike Holton to PHO,-6885.6,138505,-0.7999999999999999,104.70000000000002,signing,Mike Holton
1984-11-27 00:00:00,added Michael Young to PHO,-88.0,138417,0.0,104.70000000000002,signing,Michael Young
1985-06-14 00:00:00,lost Nikita Wilson to POR,610.2,139028,0.1,104.8,trade,Nikita Wilson
1985-06-14 00:00:00,added Bernard Thompson to PHO,-5358.6,133669,-0.1999999999999999,104.6,trade,Bernard Thompson
1985-06-18 00:00:00,added Ed Pinckney to PHO,-667.7999999999997,133001,1.7,106.3,draft,Ed Pinckney
1985-06-18 00:00:00,added Nick Vanos to PHO,-4664.2,128337,-0.7,105.6,draft,Nick Vanos
1985-06-18 00:00:00,added Jerry Everett to PHO,0.0,128337,0.0,105.6,draft,Jerry Everett
1985-06-18 00:00:00,added Granger Hall to PHO,0.0,128337,0.0,105.6,draft,Granger Hall
1985-06-18 00:00:00,added Shawn Campbell to PHO,0.0,128337,0.0,105.6,draft,Shawn Campbell
1985-06-18 00:00:00,added Charles Rayne to PHO,0.0,128337,0.0,105.6,draft,Charles Rayne
1985-06-18 00:00:00,added Georgi Glouchkov to PHO,-4863.599999999999,123473,-0.8,104.8,draft,Georgi Glouchkov
1985-08-19 00:00:00,lost Maurice Lucas to LAL,4025.0,127498,0.1,104.9,trade,Maurice Lucas
1985-08-19 00:00:00,added Steve Kerr to PHO,0.0,127498,0.0,104.9,trade,Steve Kerr
1985-08-19 00:00:00,added Greg Grant to PHO,-2101.8,125397,-0.2,104.7,trade,Greg Grant
1985-10-09 00:00:00,added Devin Durrant to PHO,-311.1,125086,-0.1,104.6,signing,Devin Durrant
1986-03-29 00:00:00,added Sedric Toney to PHO,-927.0,124159,-0.1,104.5,signing,Sedric Toney
1986-06-17 00:00:00,added William Bedford to PHO,-6461.4,117697,-1.1,103.40000000000002,draft,William Bedford
1986-06-17 00:00:00,added Joe Ward to PHO,0.0,117697,0.0,103.40000000000002,draft,Joe Ward
1986-06-17 00:00:00,added Rafael Addison to PHO,-2772.9,114924,-0.3,103.10000000000002,draft,Rafael Addison
1986-06-17 00:00:00,added Jeff Hornacek to PHO,39778.4,154703,17.4,120.50000000000004,draft,Jeff Hornacek
1986-06-17 00:00:00,added Kenny Gattison to PHO,-6025.5,148677,-0.9,119.60000000000002,draft,Kenny Gattison
1986-06-17 00:00:00,added Grant Gondrezick to PHO,-2675.2000000000003,146002,-0.3,119.30000000000004,draft,Grant Gondrezick
1986-06-17 00:00:00,added Greg Spurling to PHO,0.0,146002,0.0,119.30000000000004,draft,Greg Spurling
1986-06-17 00:00:00,added Jim McCaffrey to PHO,0.0,146002,0.0,119.30000000000004,draft,Jim McCaffrey
1986-06-17 00:00:00,added Damon Goodwin to PHO,0.0,146002,0.0,119.30000000000004,draft,Damon Goodwin
1987-06-11 00:00:00,added Bill Martin to PHO,-898.9000000000001,145103,-0.2,119.10000000000002,signing,Bill Martin
1987-06-21 00:00:00,lost William Bedford to DET,4842.6,149946,0.5,119.60000000000002,trade,William Bedford
1987-06-21 00:00:00,added Randolph Keys to PHO,0.0,149946,0.0,119.60000000000002,trade,Randolph Keys
1987-06-21 00:00:00,lost Ed Pinckney to SAC,-259.0000000000001,149687,-1.4,118.20000000000002,trade,Ed Pinckney
1987-06-21 00:00:00,lost Fennis Dembo to SAC,-0.0,149687,-0.0,118.20000000000002,trade,Fennis Dembo
1987-06-21 00:00:00,added Eddie Johnson to PHO,-2692.0,146995,2.5,120.70000000000002,trade,Eddie Johnson
1987-06-22 00:00:00,added Armen Gilliam to PHO,-9196.7,137798,-0.0999999999999999,120.60000000000002,draft,Armen Gilliam
1987-06-22 00:00:00,added Bruce Dalrymple to PHO,0.0,137798,0.0,120.60000000000002,draft,Bruce Dalrymple
1987-06-22 00:00:00,added Winston Crite to PHO,-1456.2,136342,-0.2,120.40000000000002,draft,Winston Crite
1987-06-22 00:00:00,added Steve Beck to PHO,0.0,136342,0.0,120.40000000000002,draft,Steve Beck
1987-06-22 00:00:00,added Brent Counts to PHO,0.0,136342,0.0,120.40000000000002,draft,Brent Counts
1987-06-22 00:00:00,added Marcel Boyce to PHO,0.0,136342,0.0,120.40000000000002,draft,Marcel Boyce
1987-06-22 00:00:00,added Roy Singleton to PHO,0.0,136342,0.0,120.40000000000002,draft,Roy Singleton
1987-10-02 00:00:00,added Jeff Cook to PHO,-1938.6,134403,-0.3,120.10000000000002,signing,Jeff Cook
1987-10-29 00:00:00,lost Greg Grant to CLE,-0.0,134403,-0.0,120.10000000000002,trade,Greg Grant
1987-10-29 00:00:00,added James Bailey to PHO,-4953.3,129450,-0.8,119.30000000000004,trade,James Bailey
1988-02-24 00:00:00,lost James Edwards to DET,13788.4,143238,0.7000000000000001,120.00000000000004,trade,James Edwards
1988-02-24 00:00:00,added Ron Moore to PHO,-404.6,142834,-0.1,119.90000000000003,trade,Ron Moore
1988-02-24 00:00:00,added Richard Dumas to PHO,0.0,142834,0.0,119.90000000000003,trade,Richard Dumas
1988-02-25 00:00:00,lost Larry Nance to CLE,-55564.8,87269,-21.6,98.30000000000004,trade,Larry Nance
1988-02-25 00:00:00,lost Mike Sanders to CLE,8625.3,95894,2.775557561562892e-17,98.30000000000004,trade,Mike Sanders
1988-02-25 00:00:00,lost Randolph Keys to CLE,6046.0,101940,0.8999999999999999,99.20000000000005,trade,Randolph Keys
1988-02-25 00:00:00,added Tyrone Corbin to PHO,2588.9,104529,1.8,101.00000000000004,trade,Tyrone Corbin
1988-02-25 00:00:00,added Kevin Johnson to PHO,97768.19999999998,202297,36.8,137.80000000000004,trade,Kevin Johnson
1988-02-25 00:00:00,added Mark West to PHO,-5455.099999999999,196842,4.4,142.20000000000005,trade,Mark West
1988-02-25 00:00:00,added Dan Majerle to PHO,0.0,196842,0.0,142.20000000000005,trade,Dan Majerle
1988-02-25 00:00:00,added Dean Garrett to PHO,0.0,196842,0.0,142.20000000000005,trade,Dean Garrett
1988-02-25 00:00:00,added Greg Grant to PHO,0.0,196842,0.0,142.20000000000005,trade,Greg Grant
1988-02-25 00:00:00,lost Jay Humphries to MIL,-14261.7,182580,-8.7,133.50000000000006,trade,Jay Humphries
1988-02-25 00:00:00,added Craig Hodges to PHO,-119.2,182461,0.3,133.80000000000007,trade,Craig Hodges
1988-02-25 00:00:00,added Andrew Lang to PHO,0.0,182461,0.0,133.80000000000007,trade,Andrew Lang
1988-06-28 00:00:00,added Tim Perry to PHO,-635.5,181826,2.0,135.80000000000007,draft,Tim Perry
1988-06-28 00:00:00,added Dan Majerle to PHO,37099.6,218925,19.3,155.10000000000008,draft,Dan Majerle
1988-06-28 00:00:00,added Andrew Lang to PHO,2808.7,221734,3.0,158.10000000000008,draft,Andrew Lang
1988-06-28 00:00:00,added Dean Garrett to PHO,0.0,221734,0.0,158.10000000000008,draft,Dean Garrett
1988-06-28 00:00:00,added Steve Kerr to PHO,423.9,222158,0.2,158.30000000000007,draft,Steve Kerr
1988-06-28 00:00:00,added Rodney Johns to PHO,0.0,222158,0.0,158.30000000000007,draft,Rodney Johns
1988-07-05 00:00:00,added Tom Chambers to PHO,3219.999999999998,225378,7.1000000000000005,165.40000000000006,signing,Tom Chambers
1988-12-14 00:00:00,lost Craig Hodges to CHI,1819.2,227197,-1.3,164.10000000000005,trade,Craig Hodges
1988-12-14 00:00:00,added Ed Nealy to PHO,666.2,227863,0.7000000000000001,164.80000000000004,trade,Ed Nealy
1988-12-14 00:00:00,added Ricky Blanton to PHO,0.0,227863,0.0,164.80000000000004,trade,Ricky Blanton
1988-12-30 00:00:00,added Mark Davis to PHO,-95.9,227767,0.0,164.80000000000004,signing,Mark Davis
1989-01-16 00:00:00,added T.R. Dunn to PHO,0.0,227767,0.0,164.80000000000004,signing,T.R. Dunn
1989-02-05 00:00:00,added T.R. Dunn to PHO,-96.3,227671,0.1,164.90000000000003,signing,T.R. Dunn
1989-06-27 00:00:00,added Anthony Cook to PHO,0.0,227671,0.0,164.90000000000003,draft,Anthony Cook
1989-06-27 00:00:00,added Ricky Blanton to PHO,0.0,227671,0.0,164.90000000000003,draft,Ricky Blanton
1989-06-27 00:00:00,added Mike Morrison to PHO,0.0,227671,0.0,164.90000000000003,draft,Mike Morrison
1989-06-27 00:00:00,added Greg Grant to PHO,-2101.8,225569,-0.2,164.70000000000005,draft,Greg Grant
1989-06-27 00:00:00,lost Anthony Cook to DET,-0.0,225569,-0.0,164.70000000000005,trade,Anthony Cook
1989-06-27 00:00:00,added Kenny Battle to PHO,-78.89999999999999,225490,0.5,165.20000000000005,trade,Kenny Battle
1989-06-27 00:00:00,added Micheal Williams to PHO,-413.4,225077,-0.1,165.10000000000005,trade,Micheal Williams
1989-08-24 00:00:00,added Steve Kerr to PHO,0.0,225077,0.0,165.10000000000005,signing,Steve Kerr
1989-09-02 00:00:00,added Mike Morrison to PHO,-1606.5,223471,-0.3,164.80000000000004,signing,Mike Morrison
1989-09-05 00:00:00,lost Steve Kerr to CLE,1446.5,224917,-1.3,163.50000000000003,trade,Steve Kerr
1989-09-05 00:00:00,added Mark Buford to PHO,0.0,224917,0.0,163.50000000000003,trade,Mark Buford
1989-10-05 00:00:00,lost Ed Nealy to CHI,848.5,225766,-0.1,163.40000000000003,trade,Ed Nealy
1989-12-13 00:00:00,lost Armen Gilliam to CHH,1796.0,227562,-1.1,162.30000000000004,trade,Armen Gilliam
1989-12-13 00:00:00,added Kurt Rambis to PHO,551.4,228113,1.5,163.80000000000004,trade,Kurt Rambis
1989-12-13 00:00:00,added Negele Knight to PHO,0.0,228113,0.0,163.80000000000004,trade,Negele Knight
1989-12-13 00:00:00,added Chad Gallagher to PHO,0.0,228113,0.0,163.80000000000004,trade,Chad Gallagher
1990-03-21 00:00:00,added Tim Legler to PHO,-630.8,227482,-0.1,163.70000000000005,signing,Tim Legler
1990-03-26 00:00:00,added Mike McGee to PHO,-672.0,226810,0.0,163.70000000000005,signing,Mike McGee
1990-06-27 00:00:00,added Jayson Williams to PHO,0.0,226810,0.0,163.70000000000005,draft,Jayson Williams
1990-06-27 00:00:00,added Negele Knight to PHO,-7958.999999999999,218851,-0.8,162.90000000000003,draft,Negele Knight
1990-06-27 00:00:00,added Cedric Ceballos to PHO,4379.1,223230,4.4,167.30000000000004,draft,Cedric Ceballos
1990-06-27 00:00:00,added Miloš Babić to PHO,0.0,223230,0.0,167.30000000000004,draft,Miloš Babić
1990-06-27 00:00:00,lost Miloš Babić to CLE,572.0,223802,0.1,167.40000000000003,trade,Miloš Babić
1990-06-27 00:00:00,added Stefano Rusconi to PHO,-342.0,223460,-0.1,167.30000000000004,trade,Stefano Rusconi
1990-07-23 00:00:00,added Ed Nealy to PHO,1387.8000000000002,224848,0.8,168.10000000000005,signing,Ed Nealy
1990-08-28 00:00:00,added Ian Lockhart to PHO,79.8,224928,0.0,168.10000000000005,signing,Ian Lockhart
1990-09-28 00:00:00,lost Mike Morrison to WSB,-0.0,224928,-0.0,168.10000000000005,trade,Mike Morrison
1990-10-28 00:00:00,lost Jayson Williams to PHI,9015.0,233943,1.7,169.80000000000004,trade,Jayson Williams
1990-10-28 00:00:00,added Sharone Wright to PHO,0.0,233943,0.0,169.80000000000004,trade,Sharone Wright
1990-12-07 00:00:00,lost Eddie Johnson to SEA,2983.7,236927,-2.3,167.50000000000003,trade,Eddie Johnson
1990-12-07 00:00:00,lost LeRon Ellis to SEA,-0.0,236927,-0.0,167.50000000000003,trade,LeRon Ellis
1990-12-07 00:00:00,lost Sharone Wright to SEA,-0.0,236927,-0.0,167.50000000000003,trade,Sharone Wright
1990-12-07 00:00:00,added Xavier McDaniel to PHO,-1894.5,235032,0.6,168.10000000000002,trade,Xavier McDaniel
1991-01-26 00:00:00,added Joe Barry Carroll to PHO,-508.8,234523,-0.1,168.00000000000003,signing,Joe Barry Carroll
1991-06-26 00:00:00,added Chad Gallagher to PHO,0.0,234523,0.0,168.00000000000003,draft,Chad Gallagher
1991-06-26 00:00:00,added Richard Dumas to PHO,1712.8,236236,1.2,169.20000000000002,draft,Richard Dumas
1991-06-26 00:00:00,added Joey Wright to PHO,0.0,236236,0.0,169.20000000000002,draft,Joey Wright
1991-10-01 00:00:00,lost Xavier McDaniel to NYK,3047.2000000000003,239283,-0.4,168.8,trade,Xavier McDaniel
1991-10-01 00:00:00,added Jerrod Mustaf to PHO,-3661.2,235622,-0.3,168.5,trade,Jerrod Mustaf
1991-10-01 00:00:00,added Trent Tucker to PHO,0.0,235622,0.0,168.5,trade,Trent Tucker
1991-10-01 00:00:00,added Brian Davis to PHO,0.0,235622,0.0,168.5,trade,Brian Davis
1991-10-01 00:00:00,added Anthony Goldwire to PHO,0.0,235622,0.0,168.5,trade,Anthony Goldwire
1992-02-14 00:00:00,added Steve Burtt to PHO,0.0,235622,0.0,168.5,signing,Steve Burtt
1992-03-05 00:00:00,added Steve Burtt to PHO,-854.4,234768,0.0,168.5,signing,Steve Burtt
1992-06-17 00:00:00,lost Jeff Hornacek to PHI,-6457.2,228310,-4.0,164.5,trade,Jeff Hornacek
1992-06-17 00:00:00,lost Andrew Lang to PHI,5769.1,234080,0.6,165.1,trade,Andrew Lang
1992-06-17 00:00:00,lost Tim Perry to PHI,12043.2,246123,0.6000000000000001,165.7,trade,Tim Perry
1992-06-17 00:00:00,added Charles Barkley to PHO,64258.8,310382,21.4,187.1,trade,Charles Barkley
1992-06-24 00:00:00,added Oliver Miller to PHO,11353.7,321735,4.9,192.0,draft,Oliver Miller
1992-06-24 00:00:00,added Brian Davis to PHO,0.0,321735,0.0,192.0,draft,Brian Davis
1992-06-24 00:00:00,added Ron Ellis to PHO,0.0,321735,0.0,192.0,draft,Ron Ellis
1992-07-03 00:00:00,added Danny Ainge to PHO,1556.2999999999995,323292,3.0,195.0,signing,Danny Ainge
1992-08-18 00:00:00,added Tim Kempton to PHO,-951.9,322340,-0.2,194.8,signing,Tim Kempton
1992-09-29 00:00:00,added Alex Stivrins to PHO,0.0,322340,0.0,194.8,signing,Alex Stivrins
1992-10-08 00:00:00,added Frank Johnson to PHO,0.0,322340,0.0,194.8,signing,Frank Johnson
1992-11-05 00:00:00,added Frank Johnson to PHO,-4969.9,317370,-0.1999999999999999,194.6,signing,Frank Johnson
1993-03-31 00:00:00,added Alex Stivrins to PHO,-192.5,317177,0.0,194.6,signing,Alex Stivrins
1993-06-30 00:00:00,added Malcolm Mackey to PHO,-600.3,316577,-0.1,194.50000000000003,draft,Malcolm Mackey
1993-06-30 00:00:00,added Mark Buford to PHO,0.0,316577,0.0,194.50000000000003,draft,Mark Buford
1993-06-30 00:00:00,added Byron Wilson to PHO,0.0,316577,0.0,194.50000000000003,draft,Byron Wilson
1993-08-16 00:00:00,added Joe Kleine to PHO,-15347.899999999998,301229,-2.2,192.30000000000004,signing,Joe Kleine
1993-09-03 00:00:00,added Joe Courtney to PHO,-302.40000000000003,300927,0.0,192.30000000000004,signing,Joe Courtney
1993-09-28 00:00:00,added A.C. Green to PHO,-2197.4,298729,3.5,195.80000000000004,signing,A.C. Green
1993-10-06 00:00:00,added Rod Higgins to PHO,0.0,298729,0.0,195.80000000000004,signing,Rod Higgins
1993-11-08 00:00:00,lost Negele Knight to SAS,2002.0,300731,-0.2,195.60000000000005,trade,Negele Knight
1993-11-08 00:00:00,added Antonio Lang to PHO,-583.0,300148,-0.1,195.50000000000009,trade,Antonio Lang
1993-11-10 00:00:00,added Duane Cooper to PHO,-1033.6,299115,-0.2,195.30000000000007,signing,Duane Cooper
1994-01-22 00:00:00,added Elliot Perry to PHO,0.0,299115,0.0,195.30000000000007,signing,Elliot Perry
1994-02-11 00:00:00,added Elliot Perry to PHO,2297.4000000000005,301412,2.9,198.20000000000007,signing,Elliot Perry
