date,Transaction,single_value_bpm,value_bpm,single_value_vorp,value_vorp,transaction_type,player_name
2007-06-14 00:00:00,lost Juwan Howard to MIN,-0.0,0,-0.0,0.0,trade,Juwan Howard
2007-06-14 00:00:00,added Mike James to HOU,-1557.3,-1557,-0.1,-0.1,trade,Mike James
2007-06-14 00:00:00,added Justin Reed to HOU,0.0,-1557,0.0,-0.1,trade,Justin Reed
2007-06-28 00:00:00,added Brad Newley to HOU,0.0,-1557,0.0,-0.1,trade,Brad Newley
2007-06-28 00:00:00,added Aaron Brooks to HOU,-3640.0,-5197,2.7,2.6,draft,Aaron Brooks
2007-06-28 00:00:00,added Brad Newley to HOU,0.0,-5197,0.0,2.6,draft,Brad Newley
2007-06-28 00:00:00,lost Sasha Kaun to SEA,-0.0,-5197,-0.0,2.6,trade,Sasha Kaun
2007-06-28 00:00:00,added Carl Landry to HOU,4781.9,-415,3.0,5.6,trade,Carl Landry
2007-07-12 00:00:00,lost Vassilis Spanoulis to SAS,-0.0,-415,-0.0,5.6,trade,Vassilis Spanoulis
2007-07-12 00:00:00,lost Nando De Colo to SAS,1073.9,658,-0.4,5.199999999999999,trade,Nando De Colo
2007-07-12 00:00:00,added Jackie Butler to HOU,0.0,658,0.0,5.199999999999999,trade,Jackie Butler
2007-07-12 00:00:00,added Luis Scola to HOU,-4449.4,-3790,4.7,9.9,trade,Luis Scola
2007-07-13 00:00:00,added Mike Harris to HOU,0.0,-3790,0.0,9.9,signing,Mike Harris
2007-07-20 00:00:00,added Steve Francis to HOU,-398.0,-4188,0.0,9.9,signing,Steve Francis
2008-02-21 00:00:00,lost Kirk Snyder to MIN,1428.0,-2760,-0.0,9.9,trade,Kirk Snyder
2008-02-21 00:00:00,lost Paulão Prestes to MIN,-0.0,-2760,-0.0,9.9,trade,Paulão Prestes
2008-02-21 00:00:00,added Gerald Green to HOU,163.5999999999999,-2597,0.0,9.9,trade,Gerald Green
2008-02-21 00:00:00,lost Mike James to NOH,1596.9,-1000,0.3,10.2,multitrade,Mike James
2008-02-21 00:00:00,lost Bonzi Wells to NOH,175.20000000000002,-825,-0.2,10.0,multitrade,Bonzi Wells
2008-02-21 00:00:00,lost Malick Badiane to MEM,-0.0,-825,-0.0,10.0,multitrade,Malick Badiane
2008-02-21 00:00:00,added Sergei Lishouk to HOU,0.0,-825,0.0,10.0,multitrade,Sergei Lishouk
2008-02-21 00:00:00,added Adam Haluska to HOU,0.0,-825,0.0,10.0,multitrade,Adam Haluska
2008-02-21 00:00:00,added Bobby Jackson to HOU,348.6,-476,0.3,10.3,multitrade,Bobby Jackson
2008-02-21 00:00:00,added Maarty Leunen to HOU,0.0,-476,0.0,10.3,multitrade,Maarty Leunen
2008-02-26 00:00:00,added Bobby Jones to HOU,-98.1,-574,0.0,10.3,signing,Bobby Jones
2008-03-07 00:00:00,added Justin Williams to HOU,-191.4,-766,0.0,10.3,signing,Justin Williams
2008-03-08 00:00:00,added Mike Harris to HOU,47.700000000000045,-718,0.1,10.4,signing,Mike Harris
2008-03-21 00:00:00,added Loren Woods to HOU,18.700000000000003,-699,0.0,10.4,signing,Loren Woods
2008-06-26 00:00:00,added Nicolas Batum to HOU,0.0,-699,0.0,10.4,draft,Nicolas Batum
2008-06-26 00:00:00,added Maarty Leunen to HOU,0.0,-699,0.0,10.4,draft,Maarty Leunen
2008-06-26 00:00:00,lost Nicolas Batum to POR,-35775.5,-36475,-16.4,-5.999999999999998,multitrade,Nicolas Batum
2008-06-26 00:00:00,added Donté Greene to HOU,0.0,-36475,0.0,-5.999999999999998,multitrade,Donté Greene
2008-06-26 00:00:00,added Sam Young to HOU,0.0,-36475,0.0,-5.999999999999998,multitrade,Sam Young
2008-06-26 00:00:00,added Joey Dorsey to HOU,-2867.0,-39342,-0.2,-6.199999999999998,multitrade,Joey Dorsey
2008-07-10 00:00:00,added Brent Barry to HOU,85.7,-39256,0.5,-5.699999999999998,signing,Brent Barry
2008-08-06 00:00:00,lost Steve Novak to LAC,1803.8,-37452,-0.3,-5.999999999999998,trade,Steve Novak
2008-08-14 00:00:00,lost Donté Greene to SAC,11882.2,-25570,1.0,-4.999999999999998,trade,Donté Greene
2008-08-14 00:00:00,lost Bobby Jackson to SAC,2671.2000000000003,-22899,-0.1,-5.099999999999998,trade,Bobby Jackson
2008-08-14 00:00:00,lost Omri Casspi to SAC,5122.3,-17776,-2.3,-7.399999999999998,trade,Omri Casspi
2008-08-14 00:00:00,added Metta World Peace to HOU,4658.8,-13118,2.4,-4.999999999999998,trade,Metta World Peace
2008-08-14 00:00:00,added Patrick Ewing to HOU,0.0,-13118,0.0,-4.999999999999998,trade,Patrick Ewing
2008-08-14 00:00:00,added Sean Singletary to HOU,0.0,-13118,0.0,-4.999999999999998,trade,Sean Singletary
2008-08-25 00:00:00,lost Sean Singletary to PHO,463.6,-12654,0.1,-4.899999999999999,trade,Sean Singletary
2008-08-25 00:00:00,added D.J. Strawberry to HOU,0.0,-12654,0.0,-4.899999999999999,trade,D.J. Strawberry
2008-08-29 00:00:00,lost Patrick Ewing to NYK,-0.0,-12654,-0.0,-4.899999999999999,trade,Patrick Ewing
2008-08-29 00:00:00,added Frederic Weis to HOU,0.0,-12654,0.0,-4.899999999999999,trade,Frederic Weis
2008-09-29 00:00:00,added Von Wafer to HOU,245.0,-12409,0.7,-4.199999999999998,signing,Von Wafer
2008-12-23 00:00:00,lost Steve Francis to MEM,-0.0,-12409,-0.0,-4.199999999999998,trade,Steve Francis
2008-12-23 00:00:00,lost Sam Young to MEM,5946.4,-6463,-0.0999999999999999,-4.299999999999998,trade,Sam Young
2009-02-19 00:00:00,lost Rafer Alston to ORL,-1712.0,-8175,-0.9,-5.199999999999998,multitrade,Rafer Alston
2009-02-19 00:00:00,added Kyle Lowry to HOU,13671.399999999998,5496,6.7,1.5000000000000018,multitrade,Kyle Lowry
2009-02-19 00:00:00,added Brian Cook to HOU,-712.2,4784,-0.1,1.4000000000000017,multitrade,Brian Cook
2009-03-03 00:00:00,added James White to HOU,26.4,4810,0.0,1.4000000000000017,signing,James White
2009-06-25 00:00:00,added Jermaine Taylor to HOU,-1320.3,3490,-0.2,1.2000000000000015,acquisition,Jermaine Taylor
2009-06-25 00:00:00,lost Kim English to DET,1709.4,5199,0.2,1.4000000000000017,trade,Kim English
2009-06-25 00:00:00,added Chase Budinger to HOU,1954.0,7153,2.7,4.100000000000001,trade,Chase Budinger
2009-06-25 00:00:00,added Sergio Llull to HOU,0.0,7153,0.0,4.100000000000001,acquisition,Sergio Llull
2009-07-08 00:00:00,added Trevor Ariza to HOU,9749.4,16902,9.2,13.3,signing,Trevor Ariza
2009-08-12 00:00:00,added David Andersen to HOU,-2316.6,14586,-0.1,13.2,signing,David Andersen
2009-09-03 00:00:00,added Pops Mensah-Bonsu to HOU,11.7,14598,0.0,13.2,signing,Pops Mensah-Bonsu
2009-09-22 00:00:00,lost James White to DEN,-0.0,14598,-0.0,13.2,trade,James White
2009-09-22 00:00:00,added Axel Hervelle to HOU,0.0,14598,0.0,13.2,trade,Axel Hervelle
2009-09-30 00:00:00,added Will Conroy to HOU,0.0,14598,0.0,13.2,signing,Will Conroy
2009-09-30 00:00:00,added Garrett Temple to HOU,0.0,14598,0.0,13.2,signing,Garrett Temple
2009-12-23 00:00:00,added Mike Harris to HOU,0.0,14598,0.0,13.2,signing,Mike Harris
2010-01-28 00:00:00,added Will Conroy to HOU,0.0,14598,0.0,13.2,signing,Will Conroy
2010-02-08 00:00:00,added Garrett Temple to HOU,-649.0,13949,-0.1,13.1,signing,Garrett Temple
2010-02-18 00:00:00,lost Joey Dorsey to SAC,332.8,14281,0.1,13.2,multitrade,Joey Dorsey
2010-02-18 00:00:00,lost Carl Landry to SAC,6837.9,21119,-0.2,13.000000000000002,multitrade,Carl Landry
2010-02-18 00:00:00,lost Tracy McGrady to NYK,1442.1,22561,0.1,13.1,multitrade,Tracy McGrady
2010-02-18 00:00:00,added Jordan Hill to HOU,-6498.5,16063,-0.7,12.400000000000002,multitrade,Jordan Hill
2010-02-18 00:00:00,added Jared Jeffries to HOU,-1752.8000000000002,14310,-0.2,12.200000000000005,multitrade,Jared Jeffries
2010-02-18 00:00:00,added Royce White to HOU,0.0,14310,0.0,12.200000000000005,multitrade,Royce White
2010-02-18 00:00:00,added Hilton Armstrong to HOU,-504.0,13806,-0.1,12.100000000000003,multitrade,Hilton Armstrong
2010-02-18 00:00:00,added Kevin Martin to HOU,9204.9,23011,4.6,16.700000000000003,multitrade,Kevin Martin
2010-03-02 00:00:00,added Will Conroy to HOU,-486.0,22525,-0.1,16.6,signing,Will Conroy
2010-03-24 00:00:00,added Mike Harris to HOU,-721.6,21803,-0.1,16.5,signing,Mike Harris
2010-06-24 00:00:00,added Patrick Patterson to HOU,-3796.5,18007,0.8999999999999999,17.4,draft,Patrick Patterson
2010-07-20 00:00:00,added Brad Miller to HOU,2842.0,20849,1.2,18.6,signing,Brad Miller
2010-07-28 00:00:00,lost David Andersen to TOR,75.0,20924,-0.1,18.5,trade,David Andersen
2010-08-11 00:00:00,lost Trevor Ariza to NOH,-715.0,20209,-2.1,16.399999999999995,multitrade,Trevor Ariza
2010-08-11 00:00:00,added Courtney Lee to HOU,-1895.3,18314,1.3,17.699999999999996,multitrade,Courtney Lee
2010-08-23 00:00:00,added Ish Smith to HOU,-1250.2,17063,-0.1,17.599999999999994,signing,Ish Smith
2010-09-24 00:00:00,added Antonio Anderson to HOU,0.0,17063,0.0,17.599999999999994,signing,Antonio Anderson
2010-12-15 00:00:00,lost Shane Larkin to NJN,3502.0,20565,-0.0,17.599999999999994,multitrade,Shane Larkin
2010-12-15 00:00:00,lost Sergei Lishouk to LAL,-0.0,20565,-0.0,17.599999999999994,multitrade,Sergei Lishouk
2010-12-15 00:00:00,added Terrence Williams to HOU,-1561.5,19004,-0.2,17.399999999999995,multitrade,Terrence Williams
2010-12-15 00:00:00,lost Jermaine Taylor to SAC,1583.4,20587,0.2,17.599999999999994,trade,Jermaine Taylor
2011-02-24 00:00:00,lost Aaron Brooks to PHO,520.3000000000001,21108,-0.1,17.499999999999993,trade,Aaron Brooks
2011-02-24 00:00:00,added Goran Dragić to HOU,4727.4,25835,2.2,19.699999999999992,trade,Goran Dragić
2011-02-24 00:00:00,added Nikola Mirotić to HOU,0.0,25835,0.0,19.699999999999992,trade,Nikola Mirotić
2011-02-24 00:00:00,lost Shane Battier to MEM,55.7,25891,-0.3,19.39999999999999,trade,Shane Battier
2011-02-24 00:00:00,lost Ish Smith to MEM,960.5,26851,0.2,19.59999999999999,trade,Ish Smith
2011-02-24 00:00:00,added DeMarre Carroll to HOU,-118.8,26732,0.0,19.59999999999999,trade,DeMarre Carroll
2011-02-24 00:00:00,added Hasheem Thabeet to HOU,-15.200000000000005,26717,0.0,19.59999999999999,trade,Hasheem Thabeet
2011-02-24 00:00:00,added Andre Roberson to HOU,0.0,26717,0.0,19.59999999999999,trade,Andre Roberson
2011-03-23 00:00:00,added Mike Harris to HOU,-38.4,26679,0.0,19.59999999999999,signing,Mike Harris
2011-04-11 00:00:00,added Marcus Cousin to HOU,0.0,26679,0.0,19.59999999999999,signing,Marcus Cousin
2011-04-13 00:00:00,added Marqus Blakely to HOU,0.0,26679,0.0,19.59999999999999,signing,Marqus Blakely
2011-06-23 00:00:00,added Marcus Morris to HOU,-2556.6000000000004,24122,0.0,19.59999999999999,draft,Marcus Morris
2011-06-23 00:00:00,added Nikola Mirotić to HOU,0.0,24122,0.0,19.59999999999999,draft,Nikola Mirotić
2011-06-23 00:00:00,added Chandler Parsons to HOU,11690.3,35812,6.699999999999999,26.29999999999999,draft,Chandler Parsons
2011-06-23 00:00:00,lost Brad Miller to MIN,146.0,35958,-0.0,26.29999999999999,trade,Brad Miller
2011-06-23 00:00:00,lost Nikola Mirotić to MIN,-0.0,35958,-0.0,26.29999999999999,trade,Nikola Mirotić
2011-06-23 00:00:00,lost Chandler Parsons to MIN,-0.0,35958,-0.0,26.29999999999999,trade,Chandler Parsons
2011-06-23 00:00:00,lost Andre Roberson to MIN,-0.0,35958,-0.0,26.29999999999999,trade,Andre Roberson
2011-06-23 00:00:00,added Jonny Flynn to HOU,-796.5,35162,-0.1,26.19999999999999,trade,Jonny Flynn
2011-06-23 00:00:00,added Donatas Motiejūnas to HOU,-8980.6,26181,-0.1,26.099999999999987,trade,Donatas Motiejūnas
2011-06-23 00:00:00,added Will Barton to HOU,0.0,26181,0.0,26.099999999999987,trade,Will Barton
2011-06-23 00:00:00,added Chandler Parsons to HOU,11690.3,37872,6.699999999999999,32.79999999999998,trade,Chandler Parsons
2011-12-12 00:00:00,added Jeremy Lin to HOU,0.0,37872,0.0,32.79999999999998,signing,Jeremy Lin
2011-12-20 00:00:00,added Jeff Adrien to HOU,-270.9,37601,0.0,32.79999999999998,signing,Jeff Adrien
2011-12-24 00:00:00,added Samuel Dalembert to HOU,144.6,37745,0.7,33.499999999999986,signing,Samuel Dalembert
2012-02-08 00:00:00,added Greg Smith to HOU,-971.2,36774,0.4,33.899999999999984,signing,Greg Smith
2012-03-15 00:00:00,lost Jordan Hill to LAL,5802.4,42576,-0.5,33.399999999999984,trade,Jordan Hill
2012-03-15 00:00:00,added Derek Fisher to HOU,0.0,42576,0.0,33.399999999999984,trade,Derek Fisher
2012-03-15 00:00:00,added Mitch McGary to HOU,0.0,42576,0.0,33.399999999999984,trade,Mitch McGary
2012-03-15 00:00:00,lost Jonny Flynn to POR,1180.2,43757,0.2,33.59999999999999,trade,Jonny Flynn
2012-03-15 00:00:00,lost Hasheem Thabeet to POR,603.2,44360,0.1,33.69999999999999,trade,Hasheem Thabeet
2012-03-15 00:00:00,lost Will Barton to POR,5605.5,49965,0.6,34.29999999999999,trade,Will Barton
2012-03-15 00:00:00,added Marcus Camby to HOU,1603.0,51568,0.6,34.89999999999999,trade,Marcus Camby
2012-03-18 00:00:00,added Courtney Fortson to HOU,-235.2,51333,0.0,34.89999999999999,signing,Courtney Fortson
2012-03-26 00:00:00,added Earl Boykins to HOU,-444.0,50889,-0.1,34.79999999999999,signing,Earl Boykins
2012-04-12 00:00:00,added Diamon Simpson to HOU,0.0,50889,0.0,34.79999999999999,signing,Diamon Simpson
2012-06-26 00:00:00,lost Chase Budinger to MIN,4903.5,55793,-0.0,34.79999999999999,trade,Chase Budinger
2012-06-26 00:00:00,lost Lior Eliyahu to MIN,-0.0,55793,-0.0,34.79999999999999,trade,Lior Eliyahu
2012-06-26 00:00:00,added Terrence Jones to HOU,0.0,55793,0.0,34.79999999999999,trade,Terrence Jones
2012-06-27 00:00:00,lost Samuel Dalembert to MIL,459.0,56252,-0.3,34.49999999999999,trade,Samuel Dalembert
2012-06-27 00:00:00,lost John Henson to MIL,4382.1,60634,-2.9000000000000004,31.599999999999994,trade,John Henson
2012-06-27 00:00:00,lost Nemanja Dangubić to MIL,-0.0,60634,-0.0,31.599999999999994,trade,Nemanja Dangubić
2012-06-27 00:00:00,added Jon Brockman to HOU,0.0,60634,0.0,31.599999999999994,trade,Jon Brockman
2012-06-27 00:00:00,added Jon Leuer to HOU,0.0,60634,0.0,31.599999999999994,trade,Jon Leuer
2012-06-27 00:00:00,added Shaun Livingston to HOU,0.0,60634,0.0,31.599999999999994,trade,Shaun Livingston
2012-06-27 00:00:00,added Jeremy Lamb to HOU,0.0,60634,0.0,31.599999999999994,trade,Jeremy Lamb
2012-06-28 00:00:00,added Jeremy Lamb to HOU,0.0,60634,0.0,31.599999999999994,draft,Jeremy Lamb
2012-06-28 00:00:00,added Royce White to HOU,0.0,60634,0.0,31.599999999999994,draft,Royce White
2012-06-28 00:00:00,added Terrence Jones to HOU,3915.2,64549,3.2,34.8,draft,Terrence Jones
2012-06-29 00:00:00,added Furkan Aldemir to HOU,0.0,64549,0.0,34.8,multitrade,Furkan Aldemir
2012-07-11 00:00:00,lost Kyle Lowry to TOR,-84192.70000000001,-19643,-31.9,2.8999999999999986,trade,Kyle Lowry
2012-07-11 00:00:00,added Gary Forbes to HOU,0.0,-19643,0.0,2.8999999999999986,trade,Gary Forbes
2012-07-11 00:00:00,added Steven Adams to HOU,388.5,-19254,0.5,3.3999999999999986,trade,Steven Adams
2012-07-11 00:00:00,lost Marcus Camby to NYK,900.0,-18354,0.1,3.4999999999999987,trade,Marcus Camby
2012-07-11 00:00:00,added Toney Douglas to HOU,-1369.5,-19724,0.1,3.5999999999999988,trade,Toney Douglas
2012-07-11 00:00:00,added Josh Harrellson to HOU,0.0,-19724,0.0,3.5999999999999988,trade,Josh Harrellson
2012-07-11 00:00:00,added Jerome Jordan to HOU,0.0,-19724,0.0,3.5999999999999988,trade,Jerome Jordan
2012-07-11 00:00:00,added Nick Johnson to HOU,0.0,-19724,0.0,3.5999999999999988,trade,Nick Johnson
2012-07-11 00:00:00,added Montrezl Harrell to HOU,0.0,-19724,0.0,3.5999999999999988,trade,Montrezl Harrell
2012-07-17 00:00:00,added Jeremy Lin to HOU,381.2,-19343,2.4,5.999999999999998,signing,Jeremy Lin
2012-07-20 00:00:00,lost Courtney Lee to BOS,164.0999999999999,-19178,-1.2,4.799999999999998,multitrade,Courtney Lee
2012-07-20 00:00:00,added JaJuan Johnson to HOU,0.0,-19178,0.0,4.799999999999998,multitrade,JaJuan Johnson
2012-07-20 00:00:00,added E'Twaun Moore to HOU,0.0,-19178,0.0,4.799999999999998,multitrade,E'Twaun Moore
2012-07-20 00:00:00,added Sean Williams to HOU,0.0,-19178,0.0,4.799999999999998,multitrade,Sean Williams
2012-07-20 00:00:00,added Álex Abrines to HOU,0.0,-19178,0.0,4.799999999999998,multitrade,Álex Abrines
2012-07-20 00:00:00,added Jon Diebler to HOU,0.0,-19178,0.0,4.799999999999998,multitrade,Jon Diebler
2012-07-24 00:00:00,added Ömer Aşık to HOU,-5394.4,-24573,0.4,5.199999999999998,signing,Ömer Aşık
2012-08-20 00:00:00,added Carlos Delfino to HOU,2364.6,-22208,1.5,6.699999999999998,signing,Carlos Delfino
2012-09-18 00:00:00,added Scott Machado to HOU,-184.8,-22393,0.0,6.699999999999998,signing,Scott Machado
2012-10-27 00:00:00,lost Jeremy Lamb to OKC,-372.80000000000007,-22766,-1.3,5.399999999999999,trade,Jeremy Lamb
2012-10-27 00:00:00,lost Kevin Martin to OKC,-2136.0,-24902,-1.6,3.7999999999999994,trade,Kevin Martin
2012-10-27 00:00:00,lost Steven Adams to OKC,-5532.9,-30435,-8.6,-4.800000000000001,trade,Steven Adams
2012-10-27 00:00:00,lost Álex Abrines to OKC,5329.4,-25105,-0.0,-4.800000000000001,trade,Álex Abrines
2012-10-27 00:00:00,lost Mitch McGary to OKC,1447.1,-23658,0.1,-4.700000000000001,trade,Mitch McGary
2012-10-27 00:00:00,added Cole Aldrich to HOU,-1065.0,-24723,-0.2,-4.900000000000001,trade,Cole Aldrich
2012-10-27 00:00:00,added Daequan Cook to HOU,-264.0,-24987,0.0,-4.900000000000001,trade,Daequan Cook
2012-10-27 00:00:00,added James Harden to HOU,79125.0,54137,26.0,21.1,trade,James Harden
2012-10-27 00:00:00,added Lazar Hayward to HOU,0.0,54137,0.0,21.1,trade,Lazar Hayward
2013-01-02 00:00:00,added James Anderson to HOU,368.4,54505,0.2,21.3,signing,James Anderson
2013-01-07 00:00:00,added Patrick Beverley to HOU,3932.7,58438,3.1000000000000005,24.4,signing,Patrick Beverley
2013-02-20 00:00:00,lost Cole Aldrich to SAC,87.5,58525,-0.1,24.3,trade,Cole Aldrich
2013-02-20 00:00:00,lost Toney Douglas to SAC,-676.8000000000001,57849,-0.4,23.9,trade,Toney Douglas
2013-02-20 00:00:00,lost Patrick Patterson to SAC,1744.6,59593,-0.1,23.8,trade,Patrick Patterson
2013-02-20 00:00:00,added Francisco García to HOU,-374.1,59219,0.7000000000000001,24.5,trade,Francisco García
2013-02-20 00:00:00,added Tyler Honeycutt to HOU,0.0,59219,0.0,24.5,trade,Tyler Honeycutt
2013-02-20 00:00:00,added Thomas Robinson to HOU,-1037.4,58182,-0.1,24.399999999999995,trade,Thomas Robinson
2013-02-21 00:00:00,lost Marcus Morris to PHO,523.5000000000002,58705,-2.0,22.399999999999995,trade,Marcus Morris
2013-02-21 00:00:00,added Isaiah Canaan to HOU,0.0,58705,0.0,22.399999999999995,trade,Isaiah Canaan
2013-02-25 00:00:00,added Tim Ohlbrecht to HOU,-206.4,58499,0.0,22.399999999999995,signing,Tim Ohlbrecht
2013-03-05 00:00:00,added Aaron Brooks to HOU,-152.0,58347,0.0,22.399999999999995,signing,Aaron Brooks
2013-06-27 00:00:00,added Isaiah Canaan to HOU,0.0,58347,0.0,22.399999999999995,draft,Isaiah Canaan
2013-07-10 00:00:00,lost Thomas Robinson to POR,4083.900000000001,62431,0.4,22.799999999999997,trade,Thomas Robinson
2013-07-10 00:00:00,added Kostas Papanikolaou to HOU,0.0,62431,0.0,22.799999999999997,trade,Kostas Papanikolaou
2013-07-10 00:00:00,added Marko Todorović to HOU,0.0,62431,0.0,22.799999999999997,trade,Marko Todorović
2013-07-10 00:00:00,added Richaun Holmes to HOU,0.0,62431,0.0,22.799999999999997,trade,Richaun Holmes
2013-07-10 00:00:00,added Dillon Brooks to HOU,0.0,62431,0.0,22.799999999999997,trade,Dillon Brooks
2013-07-13 00:00:00,added Dwight Howard to HOU,4051.6,66482,4.0,26.799999999999997,signing,Dwight Howard
2013-07-13 00:00:00,lost Furkan Aldemir to PHI,1944.0,68426,0.2,26.999999999999996,trade,Furkan Aldemir
2013-07-13 00:00:00,lost Royce White to PHI,-0.0,68426,-0.0,26.999999999999996,trade,Royce White
2013-07-13 00:00:00,added Robert Covington to HOU,23.799999999999983,68450,0.0,26.999999999999996,signing,Robert Covington
2013-07-15 00:00:00,added Isaiah Canaan to HOU,-1223.1999999999998,67227,0.1,27.099999999999994,signing,Isaiah Canaan
2013-07-16 00:00:00,added Omri Casspi to HOU,-384.9,66842,0.5,27.599999999999994,signing,Omri Casspi
2013-07-19 00:00:00,added Reggie Williams to HOU,0.0,66842,0.0,27.599999999999994,signing,Reggie Williams
2013-07-19 00:00:00,added Aaron Brooks to HOU,-286.40000000000003,66556,0.3,27.899999999999995,signing,Aaron Brooks
2013-07-29 00:00:00,added Marcus Camby to HOU,0.0,66556,0.0,27.899999999999995,signing,Marcus Camby
2013-08-28 00:00:00,added Ronnie Brewer to HOU,-363.4,66192,0.0,27.899999999999995,signing,Ronnie Brewer
2014-02-20 00:00:00,lost Aaron Brooks to DEN,1261.5,67454,-0.1,27.799999999999997,trade,Aaron Brooks
2014-02-20 00:00:00,added Jordan Hamilton to HOU,-349.0,67105,0.1,27.899999999999995,trade,Jordan Hamilton
2014-04-10 00:00:00,added Dexter Pittman to HOU,0.0,67105,0.0,27.899999999999995,signing,Dexter Pittman
2014-04-16 00:00:00,added Josh Powell to HOU,-216.6,66888,0.0,27.899999999999995,signing,Josh Powell
2014-06-26 00:00:00,added Clint Capela to HOU,0.0,66888,0.0,27.899999999999995,draft,Clint Capela
2014-06-26 00:00:00,added Nick Johnson to HOU,0.0,66888,0.0,27.899999999999995,draft,Nick Johnson
2014-06-26 00:00:00,added Alessandro Gentile to HOU,0.0,66888,0.0,27.899999999999995,trade,Alessandro Gentile
2014-07-14 00:00:00,added Troy Daniels to HOU,-691.2,66197,-0.1,27.799999999999997,signing,Troy Daniels
2014-07-15 00:00:00,lost Ömer Aşık to NOP,9485.2,75682,0.5,28.299999999999997,multitrade,Ömer Aşık
2014-07-15 00:00:00,lost Omri Casspi to NOP,127.2,75809,-0.0,28.299999999999997,multitrade,Omri Casspi
2014-07-15 00:00:00,added Alonzo Gee to HOU,0.0,75809,0.0,28.299999999999997,multitrade,Alonzo Gee
2014-07-15 00:00:00,added Scotty Hopson to HOU,0.0,75809,0.0,28.299999999999997,multitrade,Scotty Hopson
2014-07-15 00:00:00,added Sam Dekker to HOU,0.0,75809,0.0,28.299999999999997,multitrade,Sam Dekker
2014-07-15 00:00:00,added Trevor Ariza to HOU,8434.9,84244,7.5,35.8,multitrade,Trevor Ariza
2014-07-15 00:00:00,lost Jeremy Lin to LAL,762.8000000000001,85007,-0.8,35.0,trade,Jeremy Lin
2014-07-15 00:00:00,lost Larry Nance Jr. to LAL,-1178.9999999999995,83828,-2.2,32.8,trade,Larry Nance Jr.
2014-07-15 00:00:00,added Sergei Lishouk to HOU,0.0,83828,0.0,32.8,trade,Sergei Lishouk
2014-07-18 00:00:00,added Ish Smith to HOU,0.0,83828,0.0,32.8,signing,Ish Smith
2014-07-19 00:00:00,added Jeff Adrien to HOU,0.0,83828,0.0,32.8,signing,Jeff Adrien
2014-07-19 00:00:00,added Joey Dorsey to HOU,-2647.4,81181,-0.2,32.599999999999994,signing,Joey Dorsey
2014-07-25 00:00:00,added Clint Capela to HOU,7702.4,88883,4.5,37.1,signing,Clint Capela
2014-07-25 00:00:00,added Nick Johnson to HOU,-1703.0,87180,-0.3,36.8,signing,Nick Johnson
2014-08-27 00:00:00,added Tarik Black to HOU,-1532.7,85647,-0.2,36.6,signing,Tarik Black
2014-09-17 00:00:00,lost Alonzo Gee to SAC,-0.0,85647,-0.0,36.6,trade,Alonzo Gee
2014-09-17 00:00:00,lost Scotty Hopson to SAC,-0.0,85647,-0.0,36.6,trade,Scotty Hopson
2014-09-17 00:00:00,added Jason Terry to HOU,820.5,86468,1.0,37.6,trade,Jason Terry
2014-09-17 00:00:00,added Rakeem Christmas to HOU,0.0,86468,0.0,37.6,trade,Rakeem Christmas
2014-09-17 00:00:00,added Chinanu Onuaku to HOU,0.0,86468,0.0,37.6,trade,Chinanu Onuaku
2014-09-23 00:00:00,added Kostas Papanikolaou to HOU,-1590.0,84878,0.0,37.6,signing,Kostas Papanikolaou
2014-09-26 00:00:00,added Akil Mitchell to HOU,0.0,84878,0.0,37.6,signing,Akil Mitchell
2014-10-23 00:00:00,added Geron Johnson to HOU,0.0,84878,0.0,37.6,signing,Geron Johnson
2014-10-25 00:00:00,added Akeem Richmond to HOU,0.0,84878,0.0,37.6,signing,Akeem Richmond
2014-12-19 00:00:00,lost Sergei Lishouk to PHI,-0.0,84878,-0.0,37.6,multitrade,Sergei Lishouk
2014-12-19 00:00:00,lost J.P. Tokoto to PHI,-0.0,84878,-0.0,37.6,multitrade,J.P. Tokoto
2014-12-19 00:00:00,lost Troy Daniels to MIN,893.1999999999999,85771,0.1,37.7,multitrade,Troy Daniels
2014-12-19 00:00:00,lost Rakeem Christmas to MIN,-0.0,85771,-0.0,37.7,multitrade,Rakeem Christmas
2014-12-19 00:00:00,added Corey Brewer to HOU,-1547.7000000000007,84223,0.2999999999999999,37.99999999999999,multitrade,Corey Brewer
2014-12-19 00:00:00,added Alexey Shved to HOU,-395.3,83828,-0.1,37.89999999999999,multitrade,Alexey Shved
2014-12-26 00:00:00,added Josh Smith to HOU,280.8000000000002,84109,0.8,38.69999999999999,signing,Josh Smith
2015-02-19 00:00:00,lost Alexey Shved to NYK,-1861.2,82248,-0.7,37.99999999999999,trade,Alexey Shved
2015-02-19 00:00:00,lost Ognjen Jaramaz to NYK,-0.0,82248,-0.0,37.99999999999999,trade,Ognjen Jaramaz
2015-02-19 00:00:00,lost Kyle Guy to NYK,-0.0,82248,-0.0,37.99999999999999,trade,Kyle Guy
2015-02-19 00:00:00,added Pablo Prigioni to HOU,-80.4,82167,0.2,38.19999999999999,trade,Pablo Prigioni
2015-02-19 00:00:00,lost Isaiah Canaan to PHI,5344.299999999999,87512,0.1,38.29999999999999,trade,Isaiah Canaan
2015-02-19 00:00:00,lost Richaun Holmes to PHI,-960.6,86551,-1.6,36.69999999999999,trade,Richaun Holmes
2015-02-19 00:00:00,added K.J. McDaniels to HOU,-303.5999999999999,86247,-0.1,36.59999999999999,trade,K.J. McDaniels
2015-06-25 00:00:00,added Sam Dekker to HOU,0.0,86247,0.0,36.59999999999999,draft,Sam Dekker
2015-06-25 00:00:00,added Montrezl Harrell to HOU,0.0,86247,0.0,36.59999999999999,draft,Montrezl Harrell
2015-07-09 00:00:00,added Patrick Beverley to HOU,2672.0,88919,2.7,39.29999999999999,signing,Patrick Beverley
2015-07-14 00:00:00,added Corey Brewer to HOU,-7978.299999999999,80941,-0.7,38.59999999999999,signing,Corey Brewer
2015-07-20 00:00:00,lost Joey Dorsey to DEN,-0.0,80941,-0.0,38.59999999999999,trade,Joey Dorsey
2015-07-20 00:00:00,lost Nick Johnson to DEN,-0.0,80941,-0.0,38.59999999999999,trade,Nick Johnson
2015-07-20 00:00:00,lost Kostas Papanikolaou to DEN,1323.0,82264,0.2,38.79999999999999,trade,Kostas Papanikolaou
2015-07-20 00:00:00,lost Pablo Prigioni to DEN,-0.0,82264,-0.0,38.79999999999999,trade,Pablo Prigioni
2015-07-20 00:00:00,lost Juan Hernangómez to DEN,4686.5,86950,-0.3000000000000001,38.49999999999999,trade,Juan Hernangómez
2015-07-20 00:00:00,added Ty Lawson to HOU,-4821.599999999999,82129,-0.6,37.89999999999999,trade,Ty Lawson
2015-07-20 00:00:00,added Isaiah Hartenstein to HOU,0.0,82129,0.0,37.89999999999999,trade,Isaiah Hartenstein
2015-07-20 00:00:00,added Sam Dekker to HOU,-270.6,81858,0.6,38.49999999999999,signing,Sam Dekker
2015-07-20 00:00:00,added K.J. McDaniels to HOU,-1531.3,80327,-0.2,38.29999999999999,signing,K.J. McDaniels
2015-07-25 00:00:00,added Marcus Thornton to HOU,-708.0,79619,0.2,38.49999999999999,signing,Marcus Thornton
2015-08-24 00:00:00,added Jason Terry to HOU,-2012.8,77606,0.1,38.6,signing,Jason Terry
2015-09-02 00:00:00,added Remi Yusuf to HOU,0.0,77606,0.0,38.6,signing,Remi Yusuf
2015-09-03 00:00:00,added Will Cummings to HOU,0.0,77606,0.0,38.6,signing,Will Cummings
2015-09-03 00:00:00,added Denzel Livingston to HOU,0.0,77606,0.0,38.6,signing,Denzel Livingston
2015-09-09 00:00:00,added Chris Walker to HOU,0.0,77606,0.0,38.6,signing,Chris Walker
2015-09-17 00:00:00,added Montrezl Harrell to HOU,836.6,78443,0.9,39.49999999999999,signing,Montrezl Harrell
2015-09-17 00:00:00,added Joshua Smith to HOU,0.0,78443,0.0,39.49999999999999,signing,Joshua Smith
2015-09-25 00:00:00,added Jeremy Tyler to HOU,0.0,78443,0.0,39.49999999999999,signing,Jeremy Tyler
2015-11-01 00:00:00,added Chuck Hayes to HOU,-194.4,78248,0.0,39.49999999999999,signing,Chuck Hayes
2016-01-22 00:00:00,lost Maarty Leunen to LAC,-0.0,78248,-0.0,39.49999999999999,trade,Maarty Leunen
2016-01-22 00:00:00,added Sergei Lishouk to HOU,0.0,78248,0.0,39.49999999999999,trade,Sergei Lishouk
2016-01-22 00:00:00,added Josh Smith to HOU,-2483.9,75764,-0.4,39.1,trade,Josh Smith
2016-03-04 00:00:00,added Michael Beasley to HOU,326.7,76091,0.3,39.39999999999999,signing,Michael Beasley
2016-03-09 00:00:00,added Andrew Goudelock to HOU,-180.0,75911,0.0,39.39999999999999,signing,Andrew Goudelock
2016-06-23 00:00:00,added Chinanu Onuaku to HOU,0.0,75911,0.0,39.39999999999999,draft,Chinanu Onuaku
2016-06-23 00:00:00,added Zhou Qi to HOU,0.0,75911,0.0,39.39999999999999,draft,Zhou Qi
2016-07-09 00:00:00,added James Harden to HOU,107659.6,183571,32.8,72.19999999999999,signing,James Harden
2016-07-09 00:00:00,added Ryan Anderson to HOU,-713.1000000000001,182858,1.8,73.99999999999999,signing,Ryan Anderson
2016-07-09 00:00:00,added Eric Gordon to HOU,-2176.0999999999985,180682,2.8000000000000003,76.79999999999998,signing,Eric Gordon
2016-07-20 00:00:00,added Chinanu Onuaku to HOU,-401.4,180280,-0.1,76.69999999999999,signing,Chinanu Onuaku
2016-07-20 00:00:00,added Nenê to HOU,958.4,181239,0.8,77.49999999999999,signing,Nenê
2016-07-29 00:00:00,added Pablo Prigioni to HOU,0.0,181239,0.0,77.49999999999999,signing,Pablo Prigioni
2016-09-22 00:00:00,lost Michael Beasley to MIL,748.0,181987,-0.3,77.19999999999999,trade,Michael Beasley
2016-09-22 00:00:00,added Tyler Ennis to HOU,-1568.0,180419,-0.3,76.89999999999999,trade,Tyler Ennis
2016-09-23 00:00:00,added Isaiah Taylor to HOU,0.0,180419,0.0,76.89999999999999,signing,Isaiah Taylor
2016-09-23 00:00:00,added Gary Payton II to HOU,0.0,180419,0.0,76.89999999999999,signing,Gary Payton II
2016-09-23 00:00:00,added Kyle Wiltjer to HOU,-237.6,180181,0.0,76.89999999999999,signing,Kyle Wiltjer
2016-09-23 00:00:00,added Bobby Brown to HOU,0.0,180181,0.0,76.89999999999999,signing,Bobby Brown
2016-09-29 00:00:00,added P.J. Hairston to HOU,0.0,180181,0.0,76.89999999999999,signing,P.J. Hairston
2016-10-22 00:00:00,added Le'Bryan Nash to HOU,0.0,180181,0.0,76.89999999999999,signing,Le'Bryan Nash
2016-12-16 00:00:00,added Bobby Brown to HOU,-442.8,179738,0.0,76.89999999999999,signing,Bobby Brown
2017-02-23 00:00:00,lost Tyler Ennis to LAL,1747.9,181486,-0.1,76.8,trade,Tyler Ennis
2017-02-23 00:00:00,lost Brad Newley to LAL,-0.0,181486,-0.0,76.8,trade,Brad Newley
2017-02-23 00:00:00,added Marcelo Huertas to HOU,0.0,181486,0.0,76.8,trade,Marcelo Huertas
2017-02-23 00:00:00,lost K.J. McDaniels to BRK,556.6999999999999,182043,-0.0,76.8,trade,K.J. McDaniels
2017-02-23 00:00:00,lost Corey Brewer to LAL,2509.4,184552,0.1,76.89999999999999,trade,Corey Brewer
2017-02-23 00:00:00,lost Tony Bradley to LAL,-0.0,184552,-0.0,76.89999999999999,trade,Tony Bradley
2017-02-23 00:00:00,added Lou Williams to HOU,-295.5,184257,0.2,77.1,trade,Lou Williams
2017-02-27 00:00:00,added Isaiah Taylor to HOU,-405.6,183851,-0.1,77.0,signing,Isaiah Taylor
2017-03-10 00:00:00,added Troy Williams to HOU,0.0,183851,0.0,77.0,signing,Troy Williams
2017-03-20 00:00:00,added Troy Williams to HOU,-264.1,183587,0.0,77.0,signing,Troy Williams
2017-06-22 00:00:00,added Isaiah Hartenstein to HOU,0.0,183587,0.0,77.0,draft,Isaiah Hartenstein
2017-06-22 00:00:00,added Dillon Brooks to HOU,-11093.0,172494,-0.4,76.6,draft,Dillon Brooks
2017-06-22 00:00:00,lost Dillon Brooks to MEM,37754.7,210249,4.7,81.3,trade,Dillon Brooks
2017-06-22 00:00:00,added De'Anthony Melton to HOU,0.0,210249,0.0,81.3,trade,De'Anthony Melton
2017-06-28 00:00:00,added Darrun Hilliard to HOU,0.0,210249,0.0,81.3,trade,Darrun Hilliard
2017-06-28 00:00:00,added Ryan Kelly to HOU,0.0,210249,0.0,81.3,trade,Ryan Kelly
2017-06-28 00:00:00,added Tim Quarterman to HOU,0.0,210249,0.0,81.3,trade,Tim Quarterman
2017-06-28 00:00:00,added DeAndre Liggins to HOU,0.0,210249,0.0,81.3,trade,DeAndre Liggins
2017-06-28 00:00:00,lost Patrick Beverley to LAC,-5625.1,204624,-3.7,77.6,trade,Patrick Beverley
2017-06-28 00:00:00,lost Sam Dekker to LAC,2560.7,207184,0.2,77.8,trade,Sam Dekker
2017-06-28 00:00:00,lost Montrezl Harrell to LAC,-16460.399999999998,190724,-6.8,71.0,trade,Montrezl Harrell
2017-06-28 00:00:00,lost Darrun Hilliard to LAC,-0.0,190724,-0.0,71.0,trade,Darrun Hilliard
2017-06-28 00:00:00,lost DeAndre Liggins to LAC,-0.0,190724,-0.0,71.0,trade,DeAndre Liggins
2017-06-28 00:00:00,lost Lou Williams to LAC,-10267.1,180457,-6.3,64.7,trade,Lou Williams
2017-06-28 00:00:00,lost Kyle Wiltjer to LAC,-0.0,180457,-0.0,64.7,trade,Kyle Wiltjer
2017-06-28 00:00:00,lost Omari Spellman to LAC,-0.0,180457,-0.0,64.7,trade,Omari Spellman
2017-06-28 00:00:00,added Chris Paul to HOU,13113.7,193571,4.2,68.9,trade,Chris Paul
2017-06-28 00:00:00,added Shawn Long to HOU,0.0,193571,0.0,68.9,trade,Shawn Long
2017-06-29 00:00:00,added Jarrod Uthoff to HOU,0.0,193571,0.0,68.9,trade,Jarrod Uthoff
2017-07-06 00:00:00,added Nenê to HOU,-1959.2,191611,0.2,69.10000000000001,signing,Nenê
2017-07-06 00:00:00,added P.J. Tucker to HOU,-13289.0,178322,1.0,70.10000000000001,signing,P.J. Tucker
2017-07-06 00:00:00,added Zhou Qi to HOU,-1200.4,177122,-0.3,69.80000000000001,signing,Zhou Qi
2017-07-08 00:00:00,added Cameron Oliver to HOU,-174.0,176948,0.0,69.80000000000001,signing,Cameron Oliver
2017-07-17 00:00:00,added Tarik Black to HOU,-1393.6,175554,-0.1,69.70000000000002,signing,Tarik Black
2017-07-19 00:00:00,added Luc Mbah a Moute to HOU,-497.8,175056,0.7,70.40000000000002,signing,Luc Mbah a Moute
2017-07-25 00:00:00,added Troy Williams to HOU,-266.9,174790,-0.1,70.30000000000003,signing,Troy Williams
2017-08-21 00:00:00,added Demetrius Jackson to HOU,0.0,174790,0.0,70.30000000000003,signing,Demetrius Jackson
2017-09-22 00:00:00,added Chris Johnson to HOU,0.0,174790,0.0,70.30000000000003,signing,Chris Johnson
2017-09-25 00:00:00,added Bobby Brown to HOU,0.0,174790,0.0,70.30000000000003,signing,Bobby Brown
2017-09-27 00:00:00,added George de Paula to HOU,0.0,174790,0.0,70.30000000000003,signing,George de Paula
2017-10-13 00:00:00,added Danuel House to HOU,0.0,174790,0.0,70.30000000000003,signing,Danuel House
2017-10-24 00:00:00,added Briante Weber to HOU,177.0,174967,0.1,70.40000000000002,signing,Briante Weber
2017-10-24 00:00:00,added Isaiah Canaan to HOU,-67.6,174899,0.0,70.40000000000002,signing,Isaiah Canaan
2017-12-28 00:00:00,added Gerald Green to HOU,278.6999999999998,175178,0.5,70.90000000000002,signing,Gerald Green
2018-01-06 00:00:00,added Demetrius Jackson to HOU,-535.5,174642,-0.1,70.80000000000003,signing,Demetrius Jackson
2018-01-15 00:00:00,added R.J. Hunter to HOU,-148.5,174494,0.0,70.80000000000003,signing,R.J. Hunter
2018-01-15 00:00:00,added Markel Brown to HOU,-334.8,174159,-0.1,70.70000000000003,signing,Markel Brown
2018-02-09 00:00:00,added Bobby Brown to HOU,-828.0,173331,-0.2,70.50000000000003,signing,Bobby Brown
2018-02-12 00:00:00,added Brandan Wright to HOU,-18.0,173313,0.0,70.50000000000003,signing,Brandan Wright
2018-02-14 00:00:00,added Joe Johnson to HOU,-1666.5,171646,-0.2,70.30000000000003,signing,Joe Johnson
2018-03-24 00:00:00,added Le'Bryan Nash to HOU,0.0,171646,0.0,70.30000000000003,signing,Le'Bryan Nash
2018-03-30 00:00:00,added Tim Quarterman to HOU,-126.1,171520,0.0,70.30000000000003,signing,Tim Quarterman
2018-04-11 00:00:00,added Aaron Jackson to HOU,-311.5,171209,-0.1,70.20000000000003,signing,Aaron Jackson
2018-06-21 00:00:00,added De'Anthony Melton to HOU,0.0,171209,0.0,70.20000000000003,draft,De'Anthony Melton
2018-06-22 00:00:00,added Vince Edwards to HOU,0.0,171209,0.0,70.20000000000003,trade,Vince Edwards
2018-07-06 00:00:00,added Michael Carter-Williams to HOU,-232.0,170977,0.0,70.20000000000003,signing,Michael Carter-Williams
2018-07-06 00:00:00,added Gary Clark to HOU,0.0,170977,0.0,70.20000000000003,signing,Gary Clark
2018-07-06 00:00:00,added Vince Edwards to HOU,0.0,170977,0.0,70.20000000000003,signing,Vince Edwards
2018-07-07 00:00:00,added Chris Paul to HOU,7242.3,178219,2.8,73.00000000000003,signing,Chris Paul
2018-07-09 00:00:00,added Gerald Green to HOU,-2504.1,175715,0.1,73.10000000000002,signing,Gerald Green
2018-07-13 00:00:00,added James Ennis to HOU,-854.1,174861,0.3,73.40000000000002,signing,James Ennis
2018-07-25 00:00:00,added Isaiah Hartenstein to HOU,-782.1,174079,0.1,73.50000000000001,signing,Isaiah Hartenstein
2018-07-27 00:00:00,added Clint Capela to HOU,8537.6,182616,3.9,77.40000000000002,signing,Clint Capela
2018-08-02 00:00:00,lost Chinanu Onuaku to DAL,-0.0,182616,-0.0,77.40000000000002,trade,Chinanu Onuaku
2018-08-02 00:00:00,added Maarty Leunen to HOU,0.0,182616,0.0,77.40000000000002,trade,Maarty Leunen
2018-08-10 00:00:00,added Rob Gray to HOU,0.0,182616,0.0,77.40000000000002,signing,Rob Gray
2018-08-13 00:00:00,added Carmelo Anthony to HOU,-793.8000000000001,181823,-0.1,77.30000000000003,signing,Carmelo Anthony
2018-08-31 00:00:00,lost Ryan Anderson to PHO,1751.4,183574,0.3,77.60000000000002,trade,Ryan Anderson
2018-08-31 00:00:00,lost De'Anthony Melton to PHO,2656.8,186231,0.2,77.80000000000003,trade,De'Anthony Melton
2018-08-31 00:00:00,added Marquese Chriss to HOU,-1164.8,185066,-0.2,77.60000000000002,trade,Marquese Chriss
2018-08-31 00:00:00,added Brandon Knight to HOU,-1463.2,183603,-0.3,77.30000000000003,trade,Brandon Knight
2018-10-01 00:00:00,added Alessandro Gentile to HOU,0.0,183603,0.0,77.30000000000003,signing,Alessandro Gentile
2018-10-12 00:00:00,added Tim Bond to HOU,0.0,183603,0.0,77.30000000000003,signing,Tim Bond
2018-10-15 00:00:00,added Vince Edwards to HOU,-102.4,183500,0.0,77.30000000000003,signing,Vince Edwards
2018-10-15 00:00:00,added Gary Clark to HOU,-575.9,182925,0.3,77.60000000000002,signing,Gary Clark
2018-11-26 00:00:00,added Danuel House to HOU,0.0,182925,0.0,77.60000000000002,signing,Danuel House
2018-12-06 00:00:00,added Danuel House to HOU,-489.5,182435,0.3999999999999999,78.00000000000003,signing,Danuel House
2018-12-24 00:00:00,added Austin Rivers to HOU,-5111.0,177324,-0.6000000000000001,77.40000000000003,signing,Austin Rivers
2019-01-07 00:00:00,lost Michael Carter-Williams to CHI,-0.0,177324,-0.0,77.40000000000003,trade,Michael Carter-Williams
2019-01-16 00:00:00,added James Nunnally to HOU,-494.0,176830,-0.1,77.30000000000004,signing,James Nunnally
2019-01-21 00:00:00,added Kenneth Faried to HOU,-244.0,176586,0.3,77.60000000000004,signing,Kenneth Faried
2019-01-22 00:00:00,lost Carmelo Anthony to CHI,-0.0,176586,-0.0,77.60000000000004,trade,Carmelo Anthony
2019-01-22 00:00:00,lost Jon Diebler to CHI,-0.0,176586,-0.0,77.60000000000004,trade,Jon Diebler
2019-01-22 00:00:00,added Tadija Dragićević to HOU,0.0,176586,0.0,77.60000000000004,trade,Tadija Dragićević
2019-02-07 00:00:00,lost Kenyon Martin Jr. to SAC,-0.0,176586,-0.0,77.60000000000004,multitrade,Kenyon Martin Jr.
2019-02-07 00:00:00,lost Marquese Chriss to CLE,2607.0,179193,0.5,78.10000000000004,multitrade,Marquese Chriss
2019-02-07 00:00:00,lost Brandon Knight to CLE,4100.299999999999,183293,0.6,78.70000000000003,multitrade,Brandon Knight
2019-02-07 00:00:00,lost Dylan Windler to CLE,1585.4,184879,-0.0,78.70000000000003,multitrade,Dylan Windler
2019-02-07 00:00:00,lost Andrew Nembhard to CLE,-0.0,184879,-0.0,78.70000000000003,multitrade,Andrew Nembhard
2019-02-07 00:00:00,added Wade Baldwin to HOU,0.0,184879,0.0,78.70000000000003,multitrade,Wade Baldwin
2019-02-07 00:00:00,added Nik Stauskas to HOU,0.0,184879,0.0,78.70000000000003,multitrade,Nik Stauskas
2019-02-07 00:00:00,added Sandro Mamukelashvili to HOU,0.0,184879,0.0,78.70000000000003,multitrade,Sandro Mamukelashvili
2019-02-07 00:00:00,added Iman Shumpert to HOU,-1413.4,183465,-0.2,78.50000000000003,multitrade,Iman Shumpert
2019-02-07 00:00:00,lost James Ennis to PHI,2203.7,185669,-0.0,78.50000000000003,trade,James Ennis
2019-02-07 00:00:00,lost Wade Baldwin to IND,-0.0,185669,-0.0,78.50000000000003,trade,Wade Baldwin
2019-02-07 00:00:00,lost Maarty Leunen to IND,-0.0,185669,-0.0,78.50000000000003,trade,Maarty Leunen
2019-02-07 00:00:00,lost Nik Stauskas to IND,-0.0,185669,-0.0,78.50000000000003,trade,Nik Stauskas
2019-02-07 00:00:00,lost Sandro Mamukelashvili to IND,-0.0,185669,-0.0,78.50000000000003,trade,Sandro Mamukelashvili
2019-02-22 00:00:00,added Chris Chiozza to HOU,0.0,185669,0.0,78.50000000000003,signing,Chris Chiozza
2019-02-22 00:00:00,added Terrence Jones to HOU,-155.5,185514,0.0,78.50000000000003,signing,Terrence Jones
2019-03-23 00:00:00,added Chris Chiozza to HOU,-42.9,185471,0.0,78.50000000000003,signing,Chris Chiozza
2019-04-07 00:00:00,added Michael Frazier to HOU,0.0,185471,0.0,78.50000000000003,signing,Michael Frazier
2019-07-16 00:00:00,lost Chris Paul to OKC,-9715.2,175755,-3.5,75.00000000000003,trade,Chris Paul
2019-07-16 00:00:00,lost Nikola Topić to OKC,-0.0,175755,-0.0,75.00000000000003,trade,Nikola Topić
2019-07-16 00:00:00,added Russell Westbrook to HOU,3073.5,178829,1.8,76.80000000000003,trade,Russell Westbrook
2019-07-16 00:00:00,added Danuel House to HOU,-5905.900000000001,172923,0.0999999999999999,76.90000000000002,signing,Danuel House
2019-07-16 00:00:00,added Austin Rivers to HOU,-3985.0,168938,-0.2,76.70000000000002,signing,Austin Rivers
2019-07-18 00:00:00,added Tyson Chandler to HOU,-328.5,168609,0.0,76.70000000000002,signing,Tyson Chandler
2019-07-22 00:00:00,added Gerald Green to HOU,0.0,168609,0.0,76.70000000000002,signing,Gerald Green
2019-07-23 00:00:00,added Ben McLemore to HOU,-3226.0,165383,0.3,77.00000000000001,signing,Ben McLemore
2019-07-25 00:00:00,added Anthony Bennett to HOU,0.0,165383,0.0,77.00000000000001,signing,Anthony Bennett
2019-09-04 00:00:00,added Shamorie Ponds to HOU,0.0,165383,0.0,77.00000000000001,signing,Shamorie Ponds
2019-09-04 00:00:00,added William McDowell-White to HOU,0.0,165383,0.0,77.00000000000001,signing,William McDowell-White
2019-09-04 00:00:00,added Eric Gordon to HOU,-12279.2,153104,-0.6000000000000001,76.40000000000002,signing,Eric Gordon
2019-09-06 00:00:00,added Nenê to HOU,0.0,153104,0.0,76.40000000000002,signing,Nenê
2019-09-23 00:00:00,added Thabo Sefolosha to HOU,-523.1999999999999,152581,0.1,76.50000000000001,signing,Thabo Sefolosha
2019-09-27 00:00:00,added Ryan Anderson to HOU,-39.2,152542,0.0,76.50000000000001,signing,Ryan Anderson
2019-09-27 00:00:00,added Jaron Blossomgame to HOU,0.0,152542,0.0,76.50000000000001,signing,Jaron Blossomgame
2019-10-20 00:00:00,added Michael Frazier to HOU,-1595.0,150947,-0.3,76.20000000000002,signing,Michael Frazier
2019-10-21 00:00:00,added Chris Clemons to HOU,-291.0,150656,0.1,76.30000000000001,signing,Chris Clemons
2019-10-21 00:00:00,added Ronshad Shabazz to HOU,0.0,150656,0.0,76.30000000000001,signing,Ronshad Shabazz
2019-12-27 00:00:00,added William Howard to HOU,-254.8,150401,-0.1,76.20000000000002,signing,William Howard
2020-02-05 00:00:00,lost Gerald Green to DEN,-0.0,150401,-0.0,76.20000000000002,multitrade,Gerald Green
2020-02-05 00:00:00,lost Zeke Nnaji to DEN,7817.9000000000015,158219,0.4,76.60000000000002,multitrade,Zeke Nnaji
2020-02-05 00:00:00,lost Clint Capela to ATL,-11909.3,146310,-7.4,69.20000000000002,multitrade,Clint Capela
2020-02-05 00:00:00,lost Nene to ATL,-0.0,146310,-0.0,69.20000000000002,multitrade,Nene
2020-02-05 00:00:00,added Pelle Larsson to HOU,0.0,146310,0.0,69.20000000000002,multitrade,Pelle Larsson
2020-02-05 00:00:00,added Jordan Bell to HOU,0.0,146310,0.0,69.20000000000002,multitrade,Jordan Bell
2020-02-05 00:00:00,added Robert Covington to HOU,145.20000000000002,146455,0.4,69.60000000000002,multitrade,Robert Covington
2020-02-06 00:00:00,lost Jordan Bell to MEM,33.6,146488,-0.0,69.60000000000002,trade,Jordan Bell
2020-02-06 00:00:00,added Bruno Caboclo to HOU,-353.2,146135,-0.1,69.50000000000003,trade,Bruno Caboclo
2020-02-18 00:00:00,added Jeff Green to HOU,0.0,146135,0.0,69.50000000000003,signing,Jeff Green
2020-02-20 00:00:00,added DeMarre Carroll to HOU,-170.5,145965,0.0,69.50000000000003,signing,DeMarre Carroll
2020-02-28 00:00:00,added Jeff Green to HOU,-1359.8000000000002,144605,0.8,70.30000000000003,signing,Jeff Green
2020-06-23 00:00:00,added David Nwaba to HOU,-908.6,143696,0.4,70.70000000000003,signing,David Nwaba
2020-11-18 00:00:00,,0.0,143696,0.0,70.70000000000003,,
2020-11-18 00:00:00,added Tyrese Maxey to PHI,0.0,143696,0.0,70.70000000000003,draft,Tyrese Maxey
2020-11-18 00:00:00,added Théo Maledon to PHI,0.0,143696,0.0,70.70000000000003,draft,Théo Maledon
2020-11-18 00:00:00,added Tyler Bey to PHI,0.0,143696,0.0,70.70000000000003,draft,Tyler Bey
2020-11-18 00:00:00,added Isaiah Joe to PHI,0.0,143696,0.0,70.70000000000003,draft,Isaiah Joe
2020-11-18 00:00:00,added Paul Reed to PHI,0.0,143696,0.0,70.70000000000003,draft,Paul Reed
2020-11-18 00:00:00,lost Tyler Bey to DAL,674.5,144371,0.1,70.80000000000003,trade,Tyler Bey
2020-11-18 00:00:00,lost Josh Richardson to DAL,3043.0,147414,-0.1,70.70000000000003,trade,Josh Richardson
2020-11-18 00:00:00,added Seth Curry to PHI,-2057.4,145356,1.1,71.80000000000003,trade,Seth Curry
2020-11-19 00:00:00,added Dakota Mathias to PHI,-319.8,145037,0.0,71.80000000000003,signing,Dakota Mathias
2020-11-21 00:00:00,added Dwight Howard to PHI,-1794.0,143243,0.1,71.90000000000002,signing,Dwight Howard
2020-11-23 00:00:00,lost Zhaire Smith to DET,-0.0,143243,-0.0,71.90000000000002,trade,Zhaire Smith
2020-11-23 00:00:00,added Tony Bradley to PHI,947.1,144190,0.4,72.30000000000003,trade,Tony Bradley
2020-11-27 00:00:00,added Justin Anderson to PHI,0.0,144190,0.0,72.30000000000003,signing,Justin Anderson
2020-11-27 00:00:00,added Isaiah Joe to PHI,-3950.4,140239,-0.5,71.80000000000003,signing,Isaiah Joe
2020-11-27 00:00:00,added Paul Reed to PHI,0.0,140239,0.0,71.80000000000003,signing,Paul Reed
2020-11-27 00:00:00,added Ryan Broekhoff to PHI,0.0,140239,0.0,71.80000000000003,signing,Ryan Broekhoff
2020-11-27 00:00:00,added Derrick Walton Jr. to PHI,0.0,140239,0.0,71.80000000000003,signing,Derrick Walton Jr.
2020-12-02 00:00:00,added Tyrese Maxey to PHI,9537.7,149777,6.6,78.40000000000002,signing,Tyrese Maxey
2020-12-08 00:00:00,lost Al Horford to OKC,-2658.8,147118,-1.1,77.30000000000003,trade,Al Horford
2020-12-08 00:00:00,lost Théo Maledon to OKC,12885.2,160004,1.9,79.20000000000003,trade,Théo Maledon
2020-12-08 00:00:00,lost Vasilije Micić to OKC,1913.3,161917,0.3,79.50000000000003,trade,Vasilije Micić
2020-12-08 00:00:00,added Terrance Ferguson to PHI,-700.7,161216,-0.2,79.30000000000003,trade,Terrance Ferguson
2020-12-08 00:00:00,added Danny Green to PHI,3674.6,164891,1.9,81.20000000000003,trade,Danny Green
2020-12-08 00:00:00,added Vincent Poirier to PHI,-577.2,164314,-0.1,81.10000000000004,trade,Vincent Poirier
2021-01-22 00:00:00,added Rayjon Tucker to PHI,-231.2,164082,0.0,81.10000000000004,signing,Rayjon Tucker
2021-03-25 00:00:00,lost Tony Bradley to OKC,79.4,164162,-0.2,80.90000000000003,multitrade,Tony Bradley
2021-03-25 00:00:00,lost Terrance Ferguson to NYK,-0.0,164162,-0.0,80.90000000000003,multitrade,Terrance Ferguson
2021-03-25 00:00:00,lost Vincent Poirier to NYK,-0.0,164162,-0.0,80.90000000000003,multitrade,Vincent Poirier
2021-03-25 00:00:00,lost Emir Preldžić to NYK,-0.0,164162,-0.0,80.90000000000003,multitrade,Emir Preldžić
2021-03-25 00:00:00,lost Jericho Sims to NYK,3879.5,168041,-0.0999999999999999,80.80000000000004,multitrade,Jericho Sims
2021-03-25 00:00:00,added Ignas Brazdeikis to PHI,-171.2,167870,0.0,80.80000000000004,multitrade,Ignas Brazdeikis
2021-03-25 00:00:00,added George Hill to PHI,-1181.7,166688,-0.1,80.70000000000005,multitrade,George Hill
2021-03-26 00:00:00,added Mason Jones to PHI,129.6,166818,0.0,80.70000000000005,signing,Mason Jones
2021-03-26 00:00:00,added Paul Reed to PHI,381.7000000000001,167200,0.7000000000000001,81.40000000000005,signing,Paul Reed
2021-04-12 00:00:00,added Anthony Tolliver to PHI,-693.0,166507,-0.1,81.30000000000005,signing,Anthony Tolliver
2021-05-02 00:00:00,added Anthony Tolliver to PHI,0.0,166507,0.0,81.30000000000005,signing,Anthony Tolliver
2021-05-11 00:00:00,added Gary Clark to PHI,0.0,166507,0.0,81.30000000000005,signing,Gary Clark
2021-07-29 00:00:00,added Jaden Springer to PHI,0.0,166507,0.0,81.30000000000005,draft,Jaden Springer
2021-07-29 00:00:00,added Filip Petrušev to PHI,0.0,166507,0.0,81.30000000000005,draft,Filip Petrušev
2021-07-29 00:00:00,added Charles Bassey to PHI,0.0,166507,0.0,81.30000000000005,draft,Charles Bassey
2021-08-03 00:00:00,added Rayjon Tucker to PHI,0.0,166507,0.0,81.30000000000005,signing,Rayjon Tucker
2021-08-04 00:00:00,added Andre Drummond to PHI,-1155.4999999999998,165351,0.4999999999999999,81.80000000000005,signing,Andre Drummond
2021-08-04 00:00:00,added Jaden Springer to PHI,-1152.5,164199,0.0,81.80000000000005,signing,Jaden Springer
2021-08-06 00:00:00,added Georges Niang to PHI,-5415.199999999999,158783,0.2,82.00000000000006,signing,Georges Niang
2021-08-07 00:00:00,added Danny Green to PHI,-795.3,157988,0.5,82.50000000000006,signing,Danny Green
2021-08-08 00:00:00,added Aaron Henry to PHI,-280.5,157708,-0.1,82.40000000000006,signing,Aaron Henry
2021-08-09 00:00:00,added Furkan Korkmaz to PHI,-6746.6,150961,-0.7000000000000001,81.70000000000006,signing,Furkan Korkmaz
2021-08-30 00:00:00,added Grant Riller to PHI,0.0,150961,0.0,81.70000000000006,signing,Grant Riller
2021-09-24 00:00:00,added Charles Bassey to PHI,285.6,151247,0.2,81.90000000000006,signing,Charles Bassey
2021-09-27 00:00:00,added Shaquille Harrison to PHI,0.0,151247,0.0,81.90000000000006,signing,Shaquille Harrison
2021-10-12 00:00:00,added Braxton Key to PHI,0.0,151247,0.0,81.90000000000006,signing,Braxton Key
2021-10-12 00:00:00,added Jared Brownridge to PHI,0.0,151247,0.0,81.90000000000006,signing,Jared Brownridge
2021-12-19 00:00:00,added Myles Powell to PHI,-660.4,150586,-0.1,81.80000000000007,signing,Myles Powell
2021-12-22 00:00:00,added Tyler Johnson to PHI,-76.0,150510,0.0,81.80000000000007,signing,Tyler Johnson
2022-01-03 00:00:00,added Charlie Brown to PHI,0.0,150510,0.0,81.80000000000007,signing,Charlie Brown
2022-01-05 00:00:00,added Braxton Key to PHI,-37.2,150473,0.0,81.80000000000007,signing,Braxton Key
2022-01-11 00:00:00,added Charlie Brown to PHI,-810.0,149663,-0.1,81.70000000000007,signing,Charlie Brown
2022-02-10 00:00:00,lost Seth Curry to BRK,2144.8,151808,-0.4,81.30000000000007,trade,Seth Curry
2022-02-10 00:00:00,lost Andre Drummond to BRK,-642.0,151166,-0.4,80.90000000000006,trade,Andre Drummond
2022-02-10 00:00:00,lost Ben Simmons to BRK,-478.5999999999999,150687,-1.3,79.60000000000007,trade,Ben Simmons
2022-02-10 00:00:00,lost Brice Sensabaugh to BRK,-0.0,150687,-0.0,79.60000000000007,trade,Brice Sensabaugh
2022-02-10 00:00:00,added James Harden to PHI,3009.6000000000004,153697,1.2000000000000002,80.80000000000007,trade,James Harden
2022-02-10 00:00:00,added Paul Millsap to PHI,-477.0,153220,-0.1,80.70000000000007,trade,Paul Millsap
2022-02-24 00:00:00,added Willie Cauley-Stein to PHI,7.199999999999999,153227,0.0,80.70000000000007,signing,Willie Cauley-Stein
2022-03-03 00:00:00,added DeAndre Jordan to PHI,-620.6,152606,0.0,80.70000000000007,signing,DeAndre Jordan
2022-06-23 00:00:00,added David Roddy to PHI,84.1,152690,0.0,80.70000000000007,draft,David Roddy
2022-06-24 00:00:00,lost Danny Green to MEM,378.4,153069,0.1,80.80000000000007,trade,Danny Green
2022-06-24 00:00:00,lost David Roddy to MEM,10476.2,163545,1.4,82.20000000000007,trade,David Roddy
2022-06-24 00:00:00,added De'Anthony Melton to PHI,2446.5,165992,2.3,84.50000000000007,trade,De'Anthony Melton
2022-07-01 00:00:00,added Trevelin Queen to PHI,0.0,165992,0.0,84.50000000000007,signing,Trevelin Queen
2022-07-02 00:00:00,added Julian Champagnie to PHI,-94.5,165897,0.0,84.50000000000007,signing,Julian Champagnie
2022-07-06 00:00:00,added P.J. Tucker to PHI,-6024.0,159873,-0.5,84.00000000000007,signing,P.J. Tucker
2022-07-06 00:00:00,added Danuel House to PHI,-4457.0,155416,-0.5,83.50000000000007,signing,Danuel House
2022-07-27 00:00:00,added James Harden to PHI,11529.0,166945,4.0,87.50000000000007,signing,James Harden
2022-09-13 00:00:00,added Montrezl Harrell to PHI,-885.3000000000001,166060,0.1,87.60000000000007,signing,Montrezl Harrell
2022-10-08 00:00:00,added Mac McClung to PHI,0.0,166060,0.0,87.60000000000007,signing,Mac McClung
2022-10-10 00:00:00,added Patrick McCaw to PHI,0.0,166060,0.0,87.60000000000007,signing,Patrick McCaw
2022-10-10 00:00:00,added Skylar Mays to PHI,0.0,166060,0.0,87.60000000000007,signing,Skylar Mays
2022-10-10 00:00:00,added Justin Smith to PHI,0.0,166060,0.0,87.60000000000007,signing,Justin Smith
2022-10-12 00:00:00,added Aminu Mohammed to PHI,0.0,166060,0.0,87.60000000000007,signing,Aminu Mohammed
2022-10-15 00:00:00,added Sekou Doumbouya to PHI,0.0,166060,0.0,87.60000000000007,signing,Sekou Doumbouya
2022-10-16 00:00:00,added Michael Foster Jr. to PHI,-9.2,166051,0.0,87.60000000000007,signing,Michael Foster Jr.
2022-11-23 00:00:00,added Saben Lee to PHI,-43.0,166008,0.0,87.60000000000007,signing,Saben Lee
2022-12-26 00:00:00,added Louis King to PHI,66.69999999999999,166074,0.0,87.60000000000007,signing,Louis King
2023-02-09 00:00:00,lost Matisse Thybulle to POR,-1257.6,164817,-1.4,86.20000000000006,multitrade,Matisse Thybulle
2023-02-09 00:00:00,lost Colby Jones to CHO,-0.0,164817,-0.0,86.20000000000006,multitrade,Colby Jones
2023-02-09 00:00:00,added Jalen McDaniels to PHI,-1089.4,163727,-0.1,86.10000000000007,multitrade,Jalen McDaniels
2023-02-09 00:00:00,added Cam Spencer to PHI,0.0,163727,0.0,86.10000000000007,multitrade,Cam Spencer
2023-02-14 00:00:00,added Mac McClung to PHI,20.5,163748,0.0,86.10000000000007,signing,Mac McClung
2023-02-14 00:00:00,added Dewayne Dedmon to PHI,-53.2,163695,0.0,86.10000000000007,signing,Dewayne Dedmon
2023-07-01 00:00:00,added Ricky Council IV to PHI,0.0,163695,0.0,86.10000000000007,signing,Ricky Council IV
2023-07-01 00:00:00,added Terquavion Smith to PHI,67.2,163762,0.1,86.20000000000006,signing,Terquavion Smith
2023-07-09 00:00:00,added Mo Bamba to PHI,-740.0,163022,0.2,86.40000000000006,signing,Mo Bamba
2023-07-09 00:00:00,added Pat Beverley to PHI,-1378.5,161643,0.1,86.50000000000006,signing,Pat Beverley
2023-07-10 00:00:00,added Paul Reed to PHI,636.0,162279,0.9,87.40000000000006,signing,Paul Reed
2023-07-16 00:00:00,added Azuolas Tubelis to PHI,0.0,162279,0.0,87.40000000000006,signing,Azuolas Tubelis
2023-07-16 00:00:00,added Filip Petrusev to PHI,-14.7,162265,0.0,87.40000000000006,signing,Filip Petrusev
2023-07-17 00:00:00,added Montrezl Harrell to PHI,0.0,162265,0.0,87.40000000000006,signing,Montrezl Harrell
2023-09-13 00:00:00,added Danny Green to PHI,-118.8,162146,0.0,87.40000000000006,signing,Danny Green
2023-09-26 00:00:00,added Kelly Oubre Jr. to PHI,-4726.5,157419,-0.1,87.30000000000007,signing,Kelly Oubre Jr.
2023-10-21 00:00:00,added Javonte Smart to PHI,-8.3,157411,0.0,87.30000000000007,signing,Javonte Smart
2023-10-25 00:00:00,added Ricky Council IV to PHI,-4527.9,152883,-0.3999999999999999,86.90000000000006,signing,Ricky Council IV
2023-11-01 00:00:00,lost James Harden to LAC,-21188.8,131694,-7.899999999999999,79.00000000000006,multitrade,James Harden
2023-11-01 00:00:00,lost Filip Petrusev to LAC,-0.0,131694,-0.0,79.00000000000006,multitrade,Filip Petrusev
2023-11-01 00:00:00,lost P.J. Tucker to LAC,1470.0,133164,0.2,79.20000000000006,multitrade,P.J. Tucker
2023-11-01 00:00:00,added Nicolas Batum to PHI,-737.5,132427,0.5,79.70000000000006,multitrade,Nicolas Batum
2023-11-01 00:00:00,added Robert Covington to PHI,921.8,133349,0.4,80.10000000000007,multitrade,Robert Covington
2023-11-01 00:00:00,added KJ Martin to PHI,-2860.0,130489,-0.4,79.70000000000006,multitrade,KJ Martin
2023-11-01 00:00:00,added Marcus Morris to PHI,-2165.8,128323,-0.2,79.50000000000006,multitrade,Marcus Morris
2023-11-01 00:00:00,added Juan Nunez to PHI,0.0,128323,0.0,79.50000000000006,multitrade,Juan Nunez
2023-12-23 00:00:00,added Kenny Lofton Jr. to PHI,-293.40000000000003,128029,-0.1,79.40000000000006,signing,Kenny Lofton Jr.
2024-02-08 00:00:00,lost Danuel House to DET,-0.0,128029,-0.0,79.40000000000006,trade,Danuel House
2024-02-08 00:00:00,lost Cam Spencer to DET,-0.0,128029,-0.0,79.40000000000006,trade,Cam Spencer
2024-02-08 00:00:00,lost Marcus Morris to SAS,-0.0,128029,-0.0,79.40000000000006,multitrade,Marcus Morris
2024-02-08 00:00:00,lost Furkan Korkmaz to IND,-0.0,128029,-0.0,79.40000000000006,multitrade,Furkan Korkmaz
2024-02-08 00:00:00,lost Juan Nunez to IND,-0.0,128029,-0.0,79.40000000000006,multitrade,Juan Nunez
2024-02-08 00:00:00,added Buddy Hield to PHI,659.2,128689,0.6,80.00000000000006,multitrade,Buddy Hield
2024-02-08 00:00:00,lost Patrick Beverley to MIL,217.2,128906,-0.2,79.80000000000005,trade,Patrick Beverley
2024-02-08 00:00:00,added Cameron Payne to PHI,-421.4,128484,0.2,80.00000000000006,trade,Cameron Payne
2024-02-08 00:00:00,lost Jaden Springer to BOS,458.3,128943,-0.1,79.90000000000006,trade,Jaden Springer
2024-02-08 00:00:00,added Adem Bona to PHI,0.0,128943,0.0,79.90000000000006,trade,Adem Bona
2024-02-13 00:00:00,added Kyle Lowry to PHI,-848.8999999999999,128094,0.1,80.00000000000006,signing,Kyle Lowry
2024-02-20 00:00:00,added Darius Bazley to PHI,-84.0,128010,0.0,80.00000000000006,signing,Darius Bazley
2024-03-02 00:00:00,added Jeff Dowtin to PHI,468.6,128478,0.1999999999999999,80.20000000000006,signing,Jeff Dowtin
2024-03-15 00:00:00,added Kai Jones to PHI,0.0,128478,0.0,80.20000000000006,signing,Kai Jones
2024-03-24 00:00:00,added D.J. Wilson to PHI,336.0,128814,0.1,80.30000000000005,signing,D.J. Wilson
2024-06-26 00:00:00,added Jared McCain to PHI,0.0,128814,0.0,80.30000000000005,draft,Jared McCain
2024-06-26 00:00:00,added Adem Bona to PHI,0.0,128814,0.0,80.30000000000005,draft,Adem Bona
2024-06-26 00:00:00,added Jared McCain to PHI,0.0,128814,0.0,80.30000000000005,draft,Jared McCain
2024-06-26 00:00:00,added Adem Bona to PHI,0.0,128814,0.0,80.30000000000005,draft,Adem Bona
2024-07-04 00:00:00,added Jared McCain to PHI,177.6,128992,0.3,80.60000000000005,signing,Jared McCain
2024-07-04 00:00:00,added Justin Edwards to PHI,-4273.5,124719,-0.5,80.10000000000005,signing,Justin Edwards
2024-07-06 00:00:00,added Paul George to PHI,-533.6,124185,0.6,80.70000000000005,signing,Paul George
2024-07-06 00:00:00,added Caleb Martin to PHI,-2357.5,121827,-0.1,80.60000000000005,signing,Caleb Martin
2024-07-06 00:00:00,added Buddy Hield to PHI,0.0,121827,0.0,80.60000000000005,signing,Buddy Hield
2024-07-06 00:00:00,lost Buddy Hield to GSW,1825.0,123652,-0.4,80.20000000000005,multitrade,Buddy Hield
2024-07-06 00:00:00,added future 2nd round pick to PHI,746.230662712404,124399,3.005021583898951,83.205021583899,multitrade,future 2nd round pick
2024-07-07 00:00:00,added Tyrese Maxey to PHI,3920.0,128319,2.0,85.205021583899,signing,Tyrese Maxey
2024-07-07 00:00:00,added Kelly Oubre Jr. to PHI,-4571.6,123747,-0.1,85.105021583899,signing,Kelly Oubre Jr.
2024-07-07 00:00:00,added Andre Drummond to PHI,-2328.1,121419,-0.2,84.905021583899,signing,Andre Drummond
2024-07-10 00:00:00,added Eric Gordon to PHI,-1228.8000000000002,120190,0.1,85.005021583899,signing,Eric Gordon
2024-07-12 00:00:00,added Kyle Lowry to PHI,-856.7,119333,0.1,85.10502158389899,signing,Kyle Lowry
2024-07-15 00:00:00,added KJ Martin to PHI,-816.0,118517,0.0,85.10502158389899,signing,KJ Martin
2024-07-21 00:00:00,added Adem Bona to PHI,-2438.9,116079,-0.2,84.90502158389899,signing,Adem Bona
2024-07-22 00:00:00,added Jeff Dowtin to PHI,768.3000000000001,116847,0.5,85.40502158389899,signing,Jeff Dowtin
2024-07-22 00:00:00,added David Jones to PHI,0.0,116847,0.0,85.40502158389899,signing,David Jones
2024-07-29 00:00:00,added Reggie Jackson to PHI,-1536.0,115311,-0.2,85.20502158389898,signing,Reggie Jackson
2024-08-29 00:00:00,added Guerschon Yabusele to PHI,-1895.0,113416,0.5,85.70502158389898,signing,Guerschon Yabusele
2024-09-26 00:00:00,added Lester Quinones to PHI,-178.5,113237,0.0,85.70502158389898,signing,Lester Quinones
2024-12-03 00:00:00,added Pete Nance to PHI,0.0,113237,0.0,85.70502158389898,signing,Pete Nance
2025-01-14 00:00:00,added Pete Nance to PHI,-428.4,112809,-0.1,85.60502158389899,signing,Pete Nance
2025-02-04 00:00:00,lost Caleb Martin to DAL,1165.0,113974,0.2,85.80502158389899,trade,Caleb Martin
2025-02-04 00:00:00,added Quentin Grimes to PHI,1725.1999999999998,115699,0.9,86.705021583899,trade,Quentin Grimes
2025-02-04 00:00:00,added future 2nd round pick to PHI,746.230662712404,116445,3.005021583898951,89.71004316779795,trade,future 2nd round pick
2025-02-06 00:00:00,lost K.J. Martin to DET,-0.0,116445,-0.0,89.71004316779795,trade,K.J. Martin
2025-02-06 00:00:00,lost future 2nd round pick to DET,-746.230662712404,115699,-3.005021583898951,86.705021583899,trade,future 2nd round pick
2025-02-06 00:00:00,lost future 2nd round pick to DET,-746.230662712404,114953,-3.005021583898951,83.70000000000005,trade,future 2nd round pick
2025-02-06 00:00:00,lost Reggie Jackson to WAS,-0.0,114953,-0.0,83.70000000000005,trade,Reggie Jackson
2025-02-06 00:00:00,added Jared Butler to PHI,-1567.5,113385,-0.1,83.60000000000005,trade,Jared Butler
2025-02-06 00:00:00,added future 2nd round pick to PHI,746.230662712404,114132,3.005021583898951,86.605021583899,trade,future 2nd round pick
2025-02-06 00:00:00,added future 2nd round pick to PHI,746.230662712404,114878,3.005021583898951,89.61004316779795,trade,future 2nd round pick
2025-02-06 00:00:00,added future 2nd round pick to PHI,746.230662712404,115624,3.005021583898951,92.6150647516969,trade,future 2nd round pick
2025-02-06 00:00:00,added future 2nd round pick to PHI,746.230662712404,116370,3.005021583898951,95.62008633559586,trade,future 2nd round pick
2025-02-06 00:00:00,lost future 1st round pick to WAS,-7768.586852449678,108602,-9.374751879465451,86.24533445613041,trade,future 1st round pick
2025-02-07 00:00:00,added Chuma Okeke to PHI,0.0,108602,0.0,86.24533445613041,signing,Chuma Okeke
2025-02-11 00:00:00,added David Roddy to PHI,0.0,108602,0.0,86.24533445613041,signing,David Roddy
2025-02-21 00:00:00,added Alex Reese to PHI,-299.6,108302,0.0,86.24533445613041,signing,Alex Reese
2025-02-21 00:00:00,added David Roddy to PHI,84.1,108386,0.0,86.24533445613041,signing,David Roddy
2025-02-21 00:00:00,added Lonnie Walker to PHI,-1248.0,107138,-0.1,86.14533445613041,signing,Lonnie Walker
2025-03-01 00:00:00,added Jalen Hood-Schifino to PHI,-1542.4,105596,-0.3,85.84533445613042,signing,Jalen Hood-Schifino
2025-03-14 00:00:00,added Oshae Brissett to PHI,-880.4,104715,-0.1,85.74533445613042,signing,Oshae Brissett
2025-03-16 00:00:00,added Chuma Okeke to PHI,68.4,104784,0.1,85.84533445613042,signing,Chuma Okeke
2025-03-24 00:00:00,added Marcus Bagley to PHI,0.0,104784,0.0,85.84533445613042,signing,Marcus Bagley
2025-03-26 00:00:00,added Phillip Wheeler to PHI,-805.2,103979,-0.2,85.64533445613041,signing,Phillip Wheeler
2025-04-03 00:00:00,added Colin Castleton to PHI,-240.9,103738,0.0,85.64533445613041,signing,Colin Castleton
2025-04-05 00:00:00,added Macus Bagley to PHI,-1299.6,102438,-0.2,85.44533445613041,signing,Macus Bagley
